x1,x2,x3,x4,x5,x6,y
0.17838825958505494,-0.5832126734750792,0.6011996055124315,-0.2124113280703005,1.0,1.0,-0.3435444899237332
-0.7801079596846461,-1.0,0.34240950707583145,-0.13004494642754771,-0.8962840285483606,-0.3216109325707115,0.8909055171190323
-1.0,0.06678782714697296,-0.9056876462050752,0.7355067444368985,0.45079945159671,0.7634337067504455,3.8799630523549355
1.0,0.8948637200273457,1.0,0.8753446366780675,1.0,-0.36935135529234014,-4.807442551727096
0.11201389746591905,-1.0,-0.9630684573088077,-0.7453254784895254,1.0,0.08144990317064532,-4.0182610917284505
1.0,1.0,0.8673967051919518,0.4025429489389014,-0.8779861540359909,0.13600760295019226,0.7212154300289209
0.749787732425421,0.42087622021751203,-0.927650777532639,-0.6905604244463566,0.5152304184901109,-1.0,-0.7907465295593317
-0.48469324834594163,1.0,-0.7864728948319863,-1.0,-0.19105046186640717,0.040208228535329404,1.0653921998218197
-0.2200853620650638,-0.6407553497182714,-1.0,-1.0,-1.0,-0.10439223073948639,1.0525093552910798
0.16996421060312292,-0.5556591203854221,0.8524969321103496,0.6863974074110537,0.05742600171156037,0.6675744576070111,-0.6790676400373706
-0.596725027080208,0.8189458779628677,-1.0,0.6562719499193309,0.4890932729082019,0.6978437010304351,4.765172715317601
-0.16477362502849324,0.49702769072479036,-1.0,-1.0,1.0,1.0,10.259037070054452
0.35914191309957877,1.0,0.2629547076471961,-0.05835887635168324,-0.7633051863044762,-0.6080534946882327,-0.6922248945931866
-0.9459997791267478,-0.8819929716876078,-1.0,-0.0881208721104978,-0.024059206018951285,-0.04637201372971855,-3.301713404775478
-0.08913453212904543,-0.20997316536234378,-0.15730405736508177,0.46349155260451547,-0.07261926453774203,-0.877950314024037,1.8510328599492483
-0.7082727980001895,-1.0,-1.0,-0.711814072099304,-0.8411277942870546,-1.0,2.703202725562625
-0.2747875411706615,-1.0,1.0,-0.5443540646522489,-0.14011039856502516,-1.0,5.490576490503569
0.3780772672397983,0.5115043049558345,0.8593015993369792,0.24976266288596843,0.05154654118083446,0.8119924873938356,-0.6743978488613337
-1.0,-1.0,-1.0,-0.59952600677814,0.880484189694598,1.0,1.9699920339801609
0.13680880793170125,0.15608185605739977,0.43238485877243127,-1.0,0.187479437572591,0.8418226151332461,2.228424704877395
0.17649926762827334,-1.0,-1.0,0.4067356646766248,0.9997914525596109,1.0,4.48352597070226
-0.7583940437264751,-1.0,-0.44149984082682203,-0.5255087280126529,-0.6260700607569256,-1.0,2.5518948036967704
0.4816547177114804,0.4240608327285762,0.7030666538731025,0.6699881562972508,0.6660472265518949,0.7437516246372529,-1.6145134618133774
-0.7164250146893012,-0.7922536055375369,-1.0,-0.685591802772962,0.12109995134828855,-0.26865631689146685,-3.296982792456678
-1.0,-0.5546596890960396,-1.0,0.1656983999323357,-1.0,1.0,2.8351578643148905
-1.0,-1.0,-1.0,-0.3448337017628819,0.7156630073437168,0.07830332622338565,-5.338619753540919
0.9465666353237323,0.33418760833173716,1.0,1.0,0.987885944700455,-0.4925076888131241,-2.754593946982097
-0.5459553346188138,0.2879191356176295,0.32694821296476945,0.05774574878660216,-0.3554141851865854,0.09741176337535129,-0.5537392044401865
0.3819361082816847,-0.0062600757868566115,-0.11831940700630239,-1.0,0.6306881708719789,0.20949808401371223,0.3810445724806798
-1.0,-0.23174585489737154,-1.0,-0.8844527775172539,-0.16087622751944355,-0.19157780017838888,-2.113581910385617
0.13375163210137048,1.0,1.0,1.0,1.0,1.0,-5.232108034564639
1.0,1.0,-0.4550292041921704,0.4435978505913527,-0.9268551440616025,-0.39096603398421503,4.348678863605385
0.2813169811106501,-0.8200591295583414,-0.5572980617389189,-1.0,-0.583782134629832,-0.1609006377017621,1.6162742770129623
1.0,1.0,1.0,1.0,0.14875667635368495,-1.0,0.5273215334107058
1.0,1.0,-0.26616090033540446,1.0,-1.0,0.62329954427554,7.496649686008988
1.0,0.9971426359512681,1.0,0.7363255999834235,0.6926116833192699,-1.0,-4.309235944705314
-0.8403498777479341,1.0,1.0,0.010431057425919876,-0.5072961859126175,0.8469173633247774,-4.910450731217855
-0.19161926289004816,-0.34384736968365004,0.5435967744613193,-0.6415911110176069,-0.7360916252692049,-1.0,2.788808175650549
0.6470784204821328,-0.24641704663405023,0.22063605264277664,-1.0,-0.13009592344388413,0.6686847413726366,0.4988973952554947
-1.0,-1.0,0.10404457629953634,0.4117426612619456,-0.27737943420256905,-1.0,3.5230510331272735
1.0,-0.5003866706102427,0.13662393376337695,1.0,0.8732040744447271,-0.728631745378582,-0.9487691037881506
1.0,-0.11364877959905528,1.0,1.0,0.7737242547744548,0.6518811752420803,-5.663818055693318
-0.002604209487498732,1.0,0.6383915993306071,1.0,-0.41556954605774166,-0.029741445312575165,-0.7752571638252441
-0.5685409735666624,-1.0,-1.0,-1.0,-0.3209226244525909,-0.5385145527512516,-2.838067892668697
1.0,1.0,1.0,1.0,-0.5176082177384401,0.8303122338102775,-1.1110705014918978
-0.00045241802454054625,0.13269073902980097,-0.30036265235817916,-1.0,-0.3882716102864121,-1.0,1.8431515551370743
-1.0,-0.34704017946627563,-1.0,-1.0,0.2167526071064816,-0.13595088070136185,-2.6214888153199154
-0.5514632363423545,-0.6929242565367957,-0.05975506647741269,-1.0,0.8327229828035596,0.07365422037445934,1.209672516533836
1.0,0.07289282981102407,1.0,1.0,-0.23722666771256562,-0.5644846180869312,1.3451798804020885
-1.0,-0.5000752788037017,-0.8255138189218467,-1.0,0.006708173204919121,0.4877935027475635,-1.5070283052654365
-0.15622594700766135,-1.0,-1.0,0.10630371556467233,-1.0,-1.0,0.48964414037298876
-0.6041114575510526,-1.0,-0.07403168923320602,-1.0,-0.728435571361878,-1.0,5.525278817963089
-0.034998095494301884,-0.282435454017014,-0.44728649783368973,-0.44540916639437067,1.0,-0.06357649879844884,-0.6620839653298499
1.0,0.1477077482428547,0.3418776608810037,-1.0,1.0,0.927813899173808,0.7678653139416962
0.6931062373910628,1.0,0.6744394260585633,1.0,0.48991222246426336,0.22358055896449303,-3.837986613028221
0.20483241091467652,-0.720242716191086,-1.0,-0.4700836421401722,1.0,-0.9512357357288438,-0.6278068652932637
0.6696415869123106,1.0,1.0,0.6074979068550385,0.12036642232345252,1.0,-4.681958194586842
-1.0,1.0,-1.0,0.25992085478015853,0.29423099873052827,-0.21265739740989326,3.066264786691167
0.2814328683292687,-0.07488177409650168,0.6848365237219249,-0.038663449638097286,0.4533961981479311,1.0,-0.6862264618915215
1.0,0.7451900613811029,0.05534582649053188,0.42633188655628074,1.0,1.0,1.2887619870667337
-0.26273458016146545,-0.3853881368877899,0.6792186226004313,-0.4024736649970415,-0.006890305339280645,1.0,0.01022918034777276
1.0,0.19911908811941248,1.0,1.0,1.0,-0.3413882868472764,-4.064025771657532
1.0,0.395827160112348,0.9183016439830795,1.0,-0.8884115166342874,-0.9896306369564185,7.814249460618173
-0.6961940042116439,-0.668507236836797,-0.6549347741440436,-0.447508013206632,-1.0,-1.0,1.0669298250125787
-0.49517759849693066,-1.0,-1.0,-1.0,-0.5309549226038275,0.2442418842227839,-3.934375183915371
-0.47515313767073425,0.14661429239952992,0.5052473848281174,-1.0,-1.0,-1.0,0.6737488298561376
-0.7280757118663663,-0.9049976047331556,-0.39893633131934725,0.8336244117656688,-1.0,-0.63781384605381,-1.3094185885331227
1.0,1.0,1.0,0.2542462184929071,0.4265598673101627,-0.6262133810443595,-2.199913243224905
-1.0,0.38827140876468025,-1.0,0.31338019311609133,0.1764382193647287,-0.05811627827682303,-0.2807031838636277
-1.0,-1.0,-1.0,-0.7298122062475418,-0.5615929309083517,-0.6710199483874898,-0.35586502182864255
0.81125840776283,0.5747363050600841,0.6802903955910315,0.5836866754903846,0.1728668002397875,0.9978318481355043,0.39774564694156267
0.8556348911693045,-1.0,0.20147351910720102,-1.0,0.2567580405272913,1.0,-0.017407288856697567
-0.11206387850569155,-0.8620012025926795,-1.0,-0.6558973601220073,0.8982281274293107,0.4882975610205371,-2.2995562353305834
-0.42154351887341934,-0.14087835199020915,0.7007325446175001,0.017524276585154326,-0.37897689229745923,1.0,-0.701950604300974
-0.6295507666062718,0.522757333559486,0.9946629873250807,1.0,-0.3138078432745852,0.5332608638341273,-4.628554647774376
0.500771909942275,-1.0,-0.8502348992187364,-1.0,-0.31853982768688466,0.06836588750740517,-1.2979368566785108
0.14366213389091798,0.011580695489851633,1.0,-0.23439588385344412,-0.2962405514856986,0.8875006036018324,-1.4103560954397536
1.0,0.6289299314348091,-1.0,0.2453432879014386,0.10548530704866682,0.8527030444223415,2.930904278278847
0.9837773445635807,-1.0,-1.0,0.5789036114807243,1.0,1.0,-1.35981538989004
-0.9165942006498771,-0.5539120904996726,-1.0,-0.5656245928146684,0.02631065379508099,0.05061615564105343,-2.7743569008739772
1.0,0.008821585027147638,-0.5543011019301527,-0.6371556317507907,-0.07884056870254996,-1.0,3.5218198258460727
-0.27835764788832296,-0.6207467811232892,-0.8094550576982695,-1.0,1.0,0.529059551243727,0.007944818672385334
1.0,0.8418549135728812,0.12479473269068604,1.0,0.36145838746860726,-0.018337219749974043,-1.006548309812196
1.0,0.4780548799742148,1.0,1.0,0.32710998566596783,-0.8534185532019873,1.070035863454473
-0.871710426403231,-0.675032897513393,-0.1326525757845901,-0.28636013751924216,1.0,0.6160766840729104,2.428513467494504
-0.6216256839393793,-1.0,0.19618628919755698,0.4825361512343016,-0.4652966479718077,1.0,1.1652708774997267
0.8436208308119169,1.0,0.49796150826678476,0.07763562829839299,0.21834231361451706,1.0,0.32716512723079805
-1.0,-1.0,-0.47613133526075857,-1.0,0.7456931668340742,0.8035681440185174,-1.4949548945363789
0.29773666964683476,-0.2269469346695403,-1.0,-0.6006661201593919,-0.4298890776069436,-0.37555714794929973,0.3103804574832009
0.789316360923549,0.8392881631001399,1.0,1.0,1.0,1.0,-7.717366495205928
-0.868742014268493,-1.0,-0.012396209309206707,-0.3365932388710748,0.11598405957916569,1.0,-0.10963668533212759
-0.18029650173722556,-1.0,-0.9275057717227675,-1.0,0.5882222969478303,1.0,-1.1827451521617787
-0.18942852099637372,-0.8913357441365932,-0.4892882988274465,0.40453535761232073,-1.0,-1.0,1.2394965369371347
-0.8733549966123453,0.10076577311222334,-0.6283525812496586,-0.24423763208792265,1.0,1.0,8.381900637284346
0.41821750933233826,0.8678061928924564,-0.7743341723592398,0.2766225489960222,0.5884397590177626,0.6302137073009926,2.6702135418722475
-0.5748191286367823,-1.0,-1.0,-1.0,-1.0,-1.0,4.013203255874826
-0.5074817764079693,-0.10681238594756837,0.08427840313646608,-1.0,-0.44292548004769405,-0.6169732639326369,1.5089185497306847
0.4718790183316623,0.5245745944582378,0.9033534857082924,1.0,0.4465789021947928,0.028174393589657676,-2.8849211979654417
-1.0,-1.0,-1.0,-1.0,0.7387110165897964,-0.5472082549104867,-4.294959281941812
-0.05944725259018768,1.0,-0.42288931737783897,-0.05364775211182776,-0.1335741355664848,0.3372958331152236,2.26268065073293
-1.0,-0.6917689502334525,-0.3344050572620296,-0.25779614400001666,-0.07526385860686213,0.2515837596482418,-1.3432062481268516
-1.0,-1.0,-0.6591146966449427,-1.0,-0.05442790516934015,-1.0,3.822806501807338
-0.7903791591504172,-1.0,-0.0831368003356242,0.19320255654695978,-0.32004328073773114,-0.957144903132082,2.7858784740392375
1.0,0.10837544831738133,0.0003886212106233855,1.0,0.06489625792150489,1.0,2.4186722111275722
1.0,0.5487106221308654,-0.17786434646252258,0.02043994934180432,-0.8669050281934791,-0.8780083151772201,4.229055786928059
0.4436992178043815,1.0,1.0,-0.22392081235232064,-0.8918875435329208,0.4609382784259719,-1.7674918271054907
-0.8748254440694214,-0.2602500531169769,-1.0,0.6596594824246225,-1.0,-1.0,1.580445038820654
0.8358272324893863,0.6946068642060417,-0.421198621508831,0.7933138729165967,-0.4777834674924054,0.603086807213238,4.158508935702577
1.0,1.0,1.0,0.8026622714940088,-0.11540749167624242,0.9760477108611616,-4.586452449739145
0.8921954554222012,1.0,1.0,0.429425733426669,0.43867115795009404,-1.0,-1.600590517294272
1.0,0.8255951257837391,0.6759464248034869,-0.4789408707173136,0.018061926944966562,-1.0,1.5558775818295083
0.33546584205899577,0.5427555542298172,1.0,0.6604833446788485,-1.0,0.1467650921090503,-0.6017437945661613
-1.0,-0.5693873855124125,-0.4604988035580579,0.4748113006757388,-0.030048673593589204,-0.8337798913614083,1.4890234739822894
0.27664908129392163,-0.3510556956387297,-0.8736787450133804,-0.5832892454933298,0.13412687774112242,0.7794146520943902,2.58734460983165
-0.7732225049763298,-1.0,0.19242664850539626,-0.4501046016898593,-0.24734405668577408,-0.588050739979181,1.0738786426359812
0.6760570123761748,0.4538198315992912,-0.9578213758878951,-0.05733844327399795,-1.0,0.3016773780209369,3.3792209989843522
0.06982485845843045,0.9337079048102285,0.02302411362729051,0.5795562291739189,-1.0,0.19590656891590943,1.1135473063665857
0.5316633069923737,0.28273532451702144,0.6444602870819348,0.32883168563209225,-1.0,0.7327244963082851,2.9139050621162954
0.3203629868330457,1.0,-0.3955623072875039,0.46982073385024453,-0.20290948205740544,-0.4475705436121823,1.1231466389282145
1.0,1.0,-0.16447538501541437,1.0,-1.0,-1.0,13.065872274727376
0.642675599719193,-0.7098001440670743,-0.794810638168621,-0.9043866867847443,-0.06994576912534539,0.23217111634549437,-0.014277860009737409
-0.4393986299137835,0.28734688409693404,0.18663975457205417,0.34639687776265893,-0.32609660891670966,-0.2984786856250655,-0.4257436525039209
-0.058086291504664045,-0.6640469429498979,-0.21314560944286276,-0.1692698821266474,-0.8066800997355223,0.6938497152997878,1.8397821223580397
-0.13606116993777403,-1.0,-0.5460018034462101,-1.0,-0.3245068994293727,-1.0,4.580442580793833
-1.0,-0.02388704070958267,-1.0,1.0,-0.8344405951378467,-0.9675453846207789,1.2373573103776887
0.14136210473176242,-0.09711168137214543,0.5449397593962677,-0.2289917782971686,-0.3265280983582184,-0.9007649705859948,3.357737070563205
-1.0,-1.0,-0.685669694063409,-1.0,0.7387950104756118,1.0,-1.156541297338335
-1.0,-1.0,-0.5131860945445799,-0.7759961805804994,0.6895335133295147,-0.1608604756727825,-1.576067577519537
-0.5351874607208866,1.0,-0.813619546177173,0.17357170324159887,-0.2870076812962048,-0.5565811359493497,1.383236718844498
1.0,0.048029792688998096,-0.06290703272307141,0.062362562319464854,-0.0868398373778084,-1.0,4.545347203910869
0.8517517780550269,0.19772247240265228,0.4804073551444852,0.6725089660164343,-1.0,0.8368023189081822,4.095193717658524
-0.8931183424195892,-1.0,0.4660323923160286,-1.0,-1.0,-1.0,7.480146384811208
-0.1735620784580605,-0.08228505935042896,-1.0,-1.0,0.3039145639195352,0.547496948101719,1.6410470682512153
-0.30165684963369876,0.015774583224999306,1.0,0.5610334894618525,-0.651826723850031,-0.7855845429905817,-0.3364212483943424
0.5070415613780156,0.4985474989790022,-1.0,-1.0,0.02372973476158069,-1.0,-0.8181602566162376
-0.5406409943246656,0.8432928790957037,1.0,-0.31163532019029644,-1.0,-0.047562772734739855,-3.246981099800743
-0.012009481332562022,-1.0,-0.5055158306203954,-0.024433209370424633,1.0,1.0,2.572425048129487
-0.18339594496434097,-1.0,0.7462262063048082,-0.8995264829957692,0.45571365978359435,1.0,-1.6234616115046419
0.5313089284622873,1.0,-0.302880149795507,0.13149545468159418,1.0,-1.0,0.7951396455331685
1.0,0.925439559460743,1.0,1.0,-0.24005352469057042,0.7932324674340853,-2.319508464399081
-0.28301493240766035,-1.0,-0.17981050106515342,0.20536687523519487,1.0,0.6140433458533741,-0.06833085325582489
0.5994882710101174,0.16091840930819834,0.7329399067008732,0.3429071020805067,-1.0,0.02305894772063377,1.4573189932128616
0.20321104091937447,-0.2820672477719135,-0.6637579067787018,0.9012629467375471,-0.06489998848645995,0.7706983316932825,3.0659830481627006
-1.0,-0.45263767783870024,-0.9194765208165103,-1.0,-0.7287849651041085,-0.07071237146111553,-2.036709255026879
0.5458262853326344,1.0,0.8121202509469043,0.5669373087477332,-1.0,-0.39428865961840204,1.4209059428331399
-1.0,-0.3871910584770313,-0.24448350022088927,-0.31017473132522255,-0.7146611959029399,-0.6797670179756398,-0.3455645406660363
1.0,0.39208064393793474,0.8560440810565688,0.999068357946024,-0.2501452718185517,1.0,0.2820085345479244
0.8776548679553787,-1.0,-1.0,-0.625647305523205,-0.5331444240182107,0.6619807981127813,2.4687482362355797
0.7241831171892574,-0.5483758865585975,-0.18685123964985867,0.41793001027657006,0.34106382334102103,0.8922570180953657,1.522524251444814
-0.36948011140939396,-1.0,-0.07925397386426009,-0.9507913081820448,-1.0,-1.0,6.903386481631921
0.894707176745537,0.6258391713329718,1.0,1.0,0.2324923518703682,0.8462294005977977,-4.207194687845317
1.0,0.4145505808253338,0.1813754706209787,0.3416691383660252,1.0,-0.4792116944969837,-0.8540482551233335
0.23209856971805076,0.928473982391494,0.9346917510928754,0.39518482661084864,-0.46856190269086817,-1.0,0.4364264523940313
-0.6107399982409256,-0.6723845501130494,-0.7583080298623828,-0.1350428317854172,-0.7251337889191751,-0.7638864106689269,0.4435557560812144
-1.0,-0.15154680643809793,0.24759539121499485,-0.7381127746318351,1.0,0.9588498266201162,4.495728142373255
-1.0,-1.0,-0.9532276108950528,-0.7097571427960954,-0.05327857322811225,-0.40018183795574114,-4.079626527652182
-1.0,-1.0,-0.3802436055883742,-0.32866792100526987,0.3777500413123204,0.1124050160483489,-2.0683853645638224
1.0,0.14139309566017344,0.6262480591812825,0.31388855908431434,-1.0,-0.8540584794501233,7.22567293570838
-0.5004642663960654,0.806588262478458,-0.7987898877289212,0.666379943385418,-1.0,-0.3718913966739269,-0.7650945755323819
0.13619925098687685,1.0,0.3249141054891138,0.5624492243325141,0.9562108510255024,-0.3101179724795423,-0.3492531328572276
-0.5350050253589627,0.13957608057735682,-0.8184592914152328,-0.7009558638810726,0.16801105430578822,0.14186619517421173,-0.07109132019665489
0.25255987154594184,0.4739291108580832,0.8704427896678895,1.0,-1.0,-0.1731326582980518,1.182669621803758
0.09087427352960475,-0.27216632763950843,-0.961342720651382,0.00017303139046920268,-1.0,-0.3678461978418066,-0.4301729332494974
-0.09470586723220481,-0.5081076566135629,-0.5013115109418205,-1.0,0.12177594674290981,-0.11121399959250741,0.41852521512306373
-1.0,-0.15454484492831633,-0.4579601116949894,-0.24899263885766632,-0.15577647414916546,0.31270063350010546,-1.0165351748092364
-1.0,-0.4255436921517275,-1.0,-0.6988564370643318,0.39455385309032454,0.39181348299004354,-1.0772141174926058
-1.0,-0.11733651124994826,-0.39925076815587024,-0.4352543988841269,0.5987208970821472,1.0,4.741592110474877
0.35469488151887485,0.12085230812333192,1.0,1.0,-0.15604814208654672,-0.7863920568302003,0.8487853323435329
-0.8980108306164862,-1.0,-1.0,-0.10484763839707956,-0.3118640711991258,-0.6269301541985199,-1.1198819354379088
-0.9506353955836154,1.0,0.6847229627114976,0.4938927364487354,1.0,1.0,0.6016730939947602
-1.0,-0.7626411029450213,-0.3845656556751067,-0.28777970734873803,0.18007838069616838,-0.7784969993777731,2.8230098219376116
-0.06428843561566822,-1.0,-0.8422954725583311,-0.6137418652901132,-0.2962204219347062,-0.4478052005660197,-1.681946155208581
-0.13703721173644595,-1.0,-1.0,-0.8676426729957609,1.0,1.0,-0.13269295469635126
-0.9825666172439385,-0.616198336114872,-0.007263667879626956,-1.0,-1.0,0.5999973043667879,-1.0458024431872452
-1.0,-1.0,-1.0,-0.19160010692884266,0.9059330531129839,0.19679498176828436,-3.9857339233032683
-0.6665305609254291,-0.4874945886644728,-0.23388311222453922,0.020431860553110748,1.0,-0.5216738845123692,1.8115228671871262
-0.33804345048601614,-0.7231815682301184,1.0,1.0,-1.0,0.31043604503059696,-0.9727709320745314
-0.7443995958950289,0.259209003221215,0.6059243513393164,-0.3407065252972501,-0.12736713864872717,-0.9590319587617491,2.2512211477505786
-1.0,-0.22068039454791544,-0.6052028356425637,0.042187451861591674,0.31954917119294224,-0.06900697214112317,-0.19171694316446675
1.0,1.0,1.0,1.0,1.0,-0.8801774429874719,-6.023680177613207
1.0,1.0,0.8906764514889247,1.0,0.13006840970889855,1.0,-3.670492921848328
-0.8223066219326844,-0.22935672399924636,1.0,1.0,1.0,1.0,-0.5981992286383988
-1.0,-1.0,-0.5987418657915806,-0.8164149694075788,-0.5997173502058001,-0.6291905260635771,1.070399795139964
-0.016395010446945385,-0.5376338723461386,0.9046292458283057,0.8985323714863028,1.0,0.7860921368305249,-0.7427966415994991
1.0,-0.5423652666287899,0.10693970553205912,1.0,-1.0,-1.0,10.246597084595862
1.0,0.684798310161791,1.0,1.0,0.5388187892443518,0.487360091523766,-5.988739730341792
1.0,0.7491997552680703,-0.03213885429275709,-0.6156901698064083,-0.39959421612147406,-0.4979136109072865,2.2878980678034426
0.5790605184436723,0.2466306059779279,0.7491991998887828,-1.0,1.0,0.8471906421298716,-0.3970933656011474
1.0,0.8151626493001027,0.88732541583638,0.2868942217226925,-1.0,0.765578672990121,1.9241407268455057
1.0,0.031110685467226062,0.7265302254002242,1.0,0.061707134162538486,0.2439970073213446,-0.9985679931559468
1.0,1.0,-0.37874341235449926,-0.05246273542762847,-1.0,0.28184234784125517,4.311697055779573
0.372277951865126,1.0,0.5867909314696591,0.32397273826447504,1.0,-0.4754772762391968,-1.532719477774732
0.620231832989141,0.6732245729692294,-0.05191000163732348,0.7989466568939526,0.14803388059551043,-1.0,3.35873126075956
0.6004629082421384,1.0,0.19264579258785985,0.037667568575531774,-0.5921797123558726,-1.0,2.544768075371018
0.662879178931408,1.0,-1.0,1.0,-0.4154421127767596,0.2586391983333298,4.670757665185846
-0.282898021412554,-0.45790332130674494,0.5248522385647407,-1.0,-1.0,0.7698921242828745,1.9957312792023596
1.0,1.0,1.0,1.0,-1.0,-1.0,8.539510881619611
0.7535988739190208,0.6671510158186793,1.0,0.9591490485961744,0.10451144558409609,0.08209203645993246,-2.457121848025209
1.0,0.40777429322311276,0.7712677634026843,0.4085093601322807,0.5594371184093089,1.0,-2.5666674057274133
-1.0,-1.0,-1.0,-0.9215224620168867,-0.8487920724196484,-0.6577088245380167,-0.6148275125882549
0.654634684300528,1.0,0.9809181466453261,0.6884290916363958,-1.0,0.14384058507094344,0.03265847787387827
-0.0005691517139899682,0.25475383008419994,0.2513419208339315,1.0,-0.7779598891764046,-0.7622909923987091,2.677255852871342
1.0,0.3695572415873767,1.0,1.0,-0.37664905824761874,-1.0,5.203618301696913
-0.7195462288561555,-0.07969571308093755,-0.0667786675022754,0.3343122194305213,-0.25076932296346455,0.7200095293316446,0.13710237131965794
-1.0,-1.0,-1.0,-0.5903581414234722,-0.40736332089185023,-0.045224814214051556,-5.803801552180494
-0.2911186500792965,-1.0,0.3486554697803698,-1.0,-0.7872990529473662,-0.39436435215299226,5.2235574118331884
-0.043889611829285635,0.5853342616585582,-0.8597704041985688,0.19447101450153575,1.0,0.39250610389399077,1.8090239860598356
-1.0,-1.0,-1.0,-1.0,1.0,1.0,-1.2146110695477181
0.6143745675370185,0.5071603372969123,0.9499229609456343,1.0,-0.06991084048492135,1.0,-2.418939192153232
-0.41856556844999326,1.0,0.30483564817733055,-0.294281852549375,0.8764675821938492,1.0,5.018573927495462
0.6356401223139064,0.25588929251393555,0.6873005732994267,0.6091648838489643,0.8339249555609235,0.7980083610340907,-0.9301820633565111
-0.1189573352934894,-0.6954256699166249,-1.0,0.20249453443224275,1.0,-0.5980217484143485,-0.37523156077553577
1.0,1.0,0.37472726830402436,1.0,1.0,0.8593474272993924,-2.501067914234859
0.5228275415908841,1.0,0.9507671301437253,0.7956034693469161,0.562346996431779,-1.0,-2.586002876803547
-0.8590584423752694,-1.0,0.6644983956044348,-1.0,-0.6620387956923801,-0.5999579157896012,4.4603323078560475
0.6192424121995088,-0.0012482783409319964,-1.0,-1.0,-0.28464606937454784,-0.24181273103595252,-0.3109906609997271
0.05926443388545795,0.5406993103050777,-0.11704037953561139,-0.4634293921547362,1.0,-1.0,1.3017648945003728
0.44913765881934886,-0.20986616261424917,-0.36071679178122384,-0.08419929622067235,-0.29824565863145924,-1.0,3.2241451074287095
-0.04964347101288008,0.9271705737198165,1.0,0.9452359875886469,-1.0,1.0,-4.462434991437572
-0.4517613074847421,-0.46530167150572743,0.6771967527490421,-1.0,0.9172452661357904,-0.21531376346187664,1.658842353944249
0.17593180544842157,1.0,0.9815344825691688,1.0,1.0,1.0,-5.9135118793410015
-0.7886644399650794,0.8519776565098729,1.0,-0.7029580188706496,-0.493022951304404,0.15814296756554247,-3.385543174258005
-0.6439523678715666,0.9768220152940941,0.7372649134812225,1.0,-0.7847617750072444,-0.5242677203590502,0.24110261621647533
-1.0,-0.7206724271886646,-0.06439707592622193,-0.016406635658094304,-0.5446982056650076,-1.0,1.8675899366585447
1.0,1.0,0.3918152764976006,1.0,-0.9274677688870202,-0.6800083074385669,7.939162296461236
1.0,1.0,0.09738578636316375,1.0,0.9033932061491945,0.07162249142397237,-2.482976331734506
0.14151767539605764,1.0,1.0,0.6260520892265206,0.44298037303294846,1.0,-4.9923942436721624
-0.3513583578223318,-0.337735409934552,-1.0,-0.9011981092638397,1.0,0.7126471918779749,4.16092384040662
-0.2756858087883467,-1.0,-1.0,-1.0,1.0,0.5123484227402854,-4.473204020997462
-1.0,-0.8371489308538308,-1.0,-0.3490051088293803,-0.279856801581679,-1.0,4.272251642681222
-0.44925070440988185,0.13879583212973096,0.3449088673643182,0.08482419302940947,-0.2620590365069102,-0.06584773378436726,-1.4249733577196542
0.12663003562853847,0.3236999497537283,1.0,0.08558315540975352,0.11715708423443894,-0.5773442886906051,0.9023666995145655
-0.2700980998727185,0.17345623449308922,-0.8796300100142408,0.794016297049597,-0.5280279441105971,0.13633053034315268,-0.7183906337407082
-1.0,-1.0,-0.3634443272225949,-1.0,-0.3886421314195546,0.8233356911654508,-3.938372233151298
-0.2939697762142581,0.8439522023770675,-1.0,-1.0,0.36969827412951434,1.0,11.71630133681702
-1.0,-0.6862406632062881,-1.0,-0.17668405622458624,0.8862086672073015,1.0,6.179833638704988
-0.16206087466241592,-0.15476102192870322,0.4913789082849421,-0.8285977786067249,-1.0,0.7518784162905353,1.014800022511312
-1.0,-0.881172452136121,0.13642635438527312,-1.0,-0.8398234828231801,-1.0,4.867560843358369
1.0,0.4274927844637285,0.7512782310568813,-0.6197404101215149,0.21484887746489778,-1.0,1.9706904558899332
-0.5842456736623565,-1.0,-0.6093061478017119,-1.0,-0.26292131503704375,-0.344666311107011,-1.8718931317343768
1.0,0.5555698250196892,0.8132694138978545,0.9903420093369169,0.8800105120284432,-1.0,-1.3133181158574772
-0.2929989322506277,0.2671482743629723,-1.0,0.1668332082802918,-1.0,-0.24336802365785126,-2.132306093029158
0.38259454228572604,-0.2911286769391315,0.36636327634030547,-1.0,-0.0387115048093456,0.11359612598196178,0.5787002519760245
-0.596437963138331,-0.3385294494033344,-1.0,-1.0,0.04096482127697634,-1.0,4.3005713352162385
-1.0,-1.0,0.9550973976672975,-0.16135797913684852,0.9859977251473077,-0.3574170387209118,4.042005860514924
-0.4016671599896773,0.755109798464831,1.0,0.80192440870387,0.7492311925455221,0.5961795374772748,-3.2665639865001674
1.0,0.49475733534743815,0.0026424212959861304,1.0,-1.0,1.0,7.222847042402661
-0.08262439753741901,-0.19493392326223336,0.5133582281854254,-0.6616697853848641,-0.03868895649551063,-1.0,3.2395970332513886
-0.18559703920954762,-0.32333631625202347,-0.2213156791416776,0.566630737465968,1.0,0.9297746244501399,3.730177827467741
-0.3944610922683831,-1.0,-0.4433943882796352,-0.09618585329062257,0.10941317695665319,0.09759442197179508,-0.4708115058308521
0.2637147390339831,1.0,0.9085336723270361,0.18659968577200148,-0.5893634232113975,0.5322308794383107,-3.262636166775398
-0.6834176803988086,-0.5539312394445438,-0.04012203518123547,-1.0,-1.0,-0.4151145756270054,2.1253791066458527
0.779317657020032,0.5829379370789216,0.9729569148364314,-0.252807708615886,-1.0,1.0,3.0582550430308677
1.0,-0.1842431667139075,-1.0,-0.5936390799405977,0.22703028152317628,0.8377212480589898,0.9616755211976376
1.0,0.8696832745517977,1.0,-0.02649321883438205,0.5699847813440602,-0.44110176562287096,-1.5617384459513817
1.0,0.9692107610277766,0.47097991481684875,0.6551468506183046,-0.10153561435405929,-0.7185846632073041,2.986095009582562
0.12507074915221916,-0.3981227002277803,-0.8826354774877828,-0.1024233878137431,0.4103733523958737,0.6316809021883447,1.1156836954392184
-1.0,-1.0,-0.8911790028965066,-0.923168495356936,-0.886949602670518,-1.0,3.422933829331786
1.0,1.0,1.0,1.0,1.0,1.0,-9.695727263232724
-0.24384106289769125,0.7898721339400163,0.34931939584295735,0.5812535395215734,-1.0,-1.0,1.2039779310902587
0.02822386721912946,-1.0,0.7980460769942128,-0.7123663015513658,-1.0,-0.3115989169818177,5.916681818235387
0.1094676996887981,-0.17891928211959968,-0.7959309967176742,-1.0,1.0,1.0,5.384731363303302
0.5931556982844343,0.44900258413879746,1.0,-0.0708513761700551,-1.0,-0.46141711593802176,2.1367502938261844
-0.6751231365728383,-1.0,-1.0,-1.0,0.09435076976562284,0.10674786758212873,-6.699316175726969
0.6574552418945636,-0.9194439762864454,0.510995091977254,-1.0,-0.5395877027155692,1.0,5.335674595982644
-1.0,-0.5483067400116965,-1.0,-1.0,-0.16670740086296187,1.0,3.1575267567571714
-1.0,-1.0,-1.0,-0.7489600987435858,0.7054260783504107,0.49178824552081846,-5.15176995524794
-0.43494449158011494,0.40355662804523706,0.47086842807462076,-0.13765890185477647,0.24898891464706346,0.49919890900166497,-1.0526816148210785
-0.7833274416602815,0.6166675527285523,-0.6441593829813739,0.22288073655415333,0.8161659377402635,0.34388328668313883,2.557524920417782
0.20926973102321977,-0.9183334679302926,-1.0,0.1675365439381032,-0.32558663129036725,-0.33413357739419264,-0.7551638203958146
-0.7621756217119029,-1.0,0.3175887446415051,-1.0,-1.0,-0.21919853325009497,4.876418293390678
1.0,0.4750571319563319,-0.6515762820930867,0.23085300948293697,0.5238256341894292,0.13859354411335945,-1.7678568978199711
-0.22383948138522947,-0.28834424801942204,-0.4313283016505518,-0.8884600306428929,1.0,0.7700436523027091,3.6990390330782104
-0.782453780135749,0.3031096370401194,-0.5379138942754443,0.17537088737722228,-0.04799204910899063,-0.6510040563601727,0.47520419820510806
0.23705820914323655,0.8183946887652167,-0.6875953064732565,0.24718481464617748,-0.7001075434573205,-1.0,2.3684466410463574
-1.0,-0.2279699047383273,0.21282812753198355,-0.11959810914773877,-0.5423356426239715,-1.0,1.8759240100788261
-0.1039889558662086,-0.6918538554459653,0.6036297224445047,-0.3364057368482346,-0.34736616564436273,0.8519803296657291,-1.0706215564980965
-1.0,-1.0,-1.0,-1.0,0.7287905133350832,1.0,-1.999002455339935
-1.0,0.7229948211937443,-0.17194432225483314,-1.0,1.0,0.6046782165235272,5.991849791822063
-0.5844767640314914,-0.3065312052253498,-0.7885650337602563,-1.0,-1.0,0.41840111493077914,0.571829194729685
0.3311196965174681,-0.015538285300047472,-0.1854311200223695,1.0,-0.09892439551887144,-0.35954076703770665,0.050775907753135785
1.0,1.0,0.25194058577808187,1.0,-0.2997902997868368,0.3760448971109204,1.6823790997335635
-0.46672848693749724,0.44133379008458085,0.5836245087565795,0.9844460971864399,-0.6043944975080666,-1.0,2.5400026805171456
0.4938619199272818,0.6998517323271175,1.0,0.11269507247375454,-1.0,0.032875541480162654,0.42383845216023736
0.47841291435274935,-1.0,0.5209453391050949,-0.215632726774804,-0.40747448661861396,0.5777268409598975,1.7185392322407436
-1.0,0.3806442353105392,-0.9979721619294403,-0.6146033729624174,0.7695780520158695,-0.25207084064720264,-0.3661961203104105
1.0,0.6237043258222497,0.28325679910270485,0.0424291468950615,-1.0,-0.7653490053699962,5.173314046844611
0.6094777630469227,1.0,-0.584681232311514,1.0,0.29545398803358125,1.0,3.6763332759984713
-0.17503249872952975,-0.5529244020443129,-1.0,-0.7555007487968866,-0.029453791976550958,-1.0,3.669894646926886
-0.021445401092096805,0.3947012577701594,-1.0,-0.7469350150047586,-1.0,-0.9720686134091732,0.38409451463447586
0.007213826941648571,0.659637413059124,1.0,1.0,-0.48021970597317865,-0.48150212923569924,-0.32969241963525703
0.5905291511285329,-0.10093536490734673,-0.5323316811145293,0.35798288061906747,-1.0,0.050420958012637906,1.0816772741014278
1.0,0.4769531423045634,1.0,0.856300792721086,0.32584528959315795,-0.03515518512669219,-1.350922961315224
0.3538136304632047,-1.0,0.17652228353842175,0.23176583401940476,0.06152019088644245,1.0,2.8429590402400278
0.9012341006230244,0.01874856033648531,1.0,0.813215086296289,1.0,0.9589861885810547,-6.472059585686603
-1.0,-0.4693485409388911,-0.7358876637787852,-1.0,-0.6157870150031612,-0.4745972048650269,0.06922558649326699
0.4875863006425216,1.0,0.7067239956195991,0.6766260078288139,0.027106850822258832,-0.9725820353246919,1.6600949979773796
0.6370680931267754,-0.0585043016544433,1.0,0.2745012852465513,0.5194408904125625,-1.0,0.6673906997825053
1.0,0.19581373742319053,1.0,0.01846812398752351,0.8806361982800681,-0.7038005120321704,-1.9764775714895335
-0.2171006940207172,1.0,-0.380769997233961,0.02261242219965698,-1.0,-1.0,0.965980021275691
0.5027387029560004,0.765660861806099,1.0,0.4197110082554533,-1.0,-1.0,1.5433267631852812
0.23798914258178772,0.4482077711709861,0.1916310766885909,0.02647219258194433,-1.0,-0.3615885446899405,1.1788294961905956
-0.07945380280652592,-0.2679464007056478,-0.19121491373991484,-0.6106920239725373,0.10198709599960604,1.0,2.4711979847676906
0.5640777194086704,1.0,1.0,0.24099653147884148,0.35319690813788635,-1.0,-1.6576440268698498
-0.4743357630396706,-1.0,0.5977389006045386,-1.0,0.26345036084315376,1.0,-2.5186669315861114
0.28721813405518193,1.0,0.5097767503456946,1.0,0.6432294567487562,-0.9801810355096063,-0.7720382798727617
0.5298105355031648,0.2599143588096974,-0.23825335470991904,-0.16314905828366733,0.15406334747820882,0.4754493255083795,-0.22443941462365058
0.9567464878527883,0.14875846372783053,0.3235114552521361,1.0,0.4420934209117804,0.5635882011355631,-0.5787826452858338
0.15372474213673398,0.3348406905013426,0.032004740480458746,0.6964529634693502,1.0,0.769777794241753,2.6259246721072236
-0.6579488144224848,0.38444127955504004,0.7065956012114365,0.59262372323252,0.44653028962227015,0.3453464804565054,-0.6782630460306174
-1.0,-0.6998875837936296,-0.15128105572396855,-0.694664331720213,-0.07885560781622147,-0.08327311715343533,0.5741296809869996
-0.1884423738740013,-1.0,-0.349850571655145,0.20906937558497302,0.4703061319970507,-1.0,2.4693796978195897
0.4237194100533585,0.2977216201296183,-0.23646473676480367,-0.1805541018280848,-1.0,-0.48580759209536417,1.4049162454038986
1.0,0.5365009481588716,0.4704759500629969,0.9358592862974868,0.5726726568820037,0.7610729109379315,-2.6505436428419857
1.0,0.5386533383046795,1.0,-0.3514705938546897,0.16236988693164528,0.3620934605782308,-1.444773334936496
0.9136866517964051,0.9295390704045854,0.40989628780552323,1.0,0.21425204898290984,-0.9177799742708124,4.7725582632169505
0.4672508953139715,-0.4561436394820618,-0.297219553375772,-0.7979189344860002,-0.012418710766246288,-0.9442161918280797,3.6292178727247406
1.0,0.8453387719112733,-0.5715840826790352,0.5635119207322417,0.8034541598151854,0.17667009254617153,-0.44899217227575305
-0.3855062407836285,-1.0,-0.1129271205746315,-1.0,-0.1845410725936354,-1.0,6.59924452025449
1.0,0.31277368117784365,1.0,0.3196966271370343,1.0,0.57033596429892,-4.926702548456091
-0.33805874423767424,0.6129265911915582,-0.25437577423160374,-0.7515094871703787,-1.0,-0.5100754494457689,-0.907398979851258
-0.4030886105396091,0.2978739309836481,1.0,-0.018148756805134225,1.0,1.0,-0.8018298799368113
-0.9563953563218108,-1.0,0.15478925429052895,-0.2995051743278164,1.0,1.0,3.7094236334815234
-1.0,-1.0,-0.6998889599978848,-0.2782963737368199,-0.18491324395360487,0.8749357752665633,-1.0554586634818053
-0.08638968090263166,-1.0,-1.0,-0.6800227734805497,0.3606823298180083,0.43035640411155907,-3.5456920858346646
-0.2679673661540374,-0.7662837552994594,0.5570476168124788,-0.07181773174537803,-0.45550736526685065,0.19808927165948204,0.08358255605658525
-0.2306848355301636,-0.5011504912204778,-0.6349180206975058,0.7913062701468827,-1.0,-0.11640570344259171,-1.1917817779954039
-1.0,-1.0,-1.0,-0.8505851044272448,-0.032761223881895285,0.14665832758884306,-6.984131097247023
-0.11505996809271979,-0.26975057308102346,-0.6653058816716853,-1.0,1.0,1.0,4.490887425713087
-1.0,-0.014798076543365513,-0.14920295814191264,-1.0,-0.6191105821847852,0.6149547452351868,-0.4585888655223525
-0.5666335881510544,-0.5128690790914419,0.2646297460588305,-1.0,-0.2690686733002595,-1.0,3.463775893001458
0.7547725123446805,0.48919948659102297,1.0,0.38946463172036316,0.4534593682439527,-0.14981745563435478,-1.3984679712889792
1.0,0.16688612170592987,0.22321078279254947,0.2806342501452441,0.31854264723079884,0.43836565013026507,-1.4673619053634703
0.8861579858352135,0.0699892066128881,0.9393474720291624,1.0,-0.7782437160004179,-0.5545282868454693,4.658685285490026
0.045704108014335915,-0.04045863828324392,-1.0,-0.6553515947258652,0.4578457776362663,1.0,6.10609267623538
-0.5017651318828223,-1.0,-1.0,-1.0,1.0,1.0,0.24088984500006572
0.8637247614012356,0.9050390189354989,1.0,0.45061947164392313,0.8749266486437508,1.0,-5.096902854042404
-0.6461971101995756,-0.23714485752778042,-0.2723342146346799,0.4970187288027532,0.885235335347993,0.8825972431765162,4.329595220574679
1.0,0.39534480275161155,0.23981744726927895,0.35633133679260665,-0.6657128276727663,-1.0,5.868760178204782
0.8734719699304537,1.0,0.4672014526819911,1.0,0.7952844549483051,0.7999993561938281,-3.151254821925851
0.7087776051921975,0.1969659804112623,-0.34590610276492056,0.2597494006447729,0.6551333137095932,0.26893059775547173,-1.7897475955444713
-0.6745069942891658,0.858247813463118,-1.0,0.21010395410272448,-0.4540716722410758,0.29736520472721495,3.291489648579192
-0.9015223941037795,1.0,0.20017407758020456,0.40607589788426424,-0.6421078606792212,-0.46520064923104787,-1.708064905918182
-0.5211060804073595,0.2565994334882554,0.3353799854418096,0.02738032066759869,-0.2996398379380496,0.8511105839852495,0.9796136221867108
-0.11895583092480466,0.33662576786248644,0.03973940830909295,0.3684165762192624,0.2249488444208646,0.4237536783867625,-0.2382133829431486
-0.5622604745688715,-0.783769074949938,0.02071864258550621,1.0,0.9791971381077103,0.4011502994459125,0.7380359119150086
0.5677219033173453,-1.0,-1.0,-0.4005893878977139,-0.3795831999966982,-1.0,2.5213408835616224
1.0,1.0,1.0,0.17539071882457202,1.0,0.06929820893197636,-4.140045144858064
0.44547405265788464,-0.03328136946284399,1.0,0.07172008888290515,0.08503279291306477,-0.4399850293792119,0.5476946969618017
0.38570006669455903,1.0,1.0,0.03115692967726169,0.740143781047536,0.6012594408807621,-3.166745378588664
-0.20841929142636811,0.9350879281935673,0.22988872248795345,0.3458108537689672,0.2674147064781554,-0.3842941073892383,-0.24241342172010616
0.13730390925653804,-0.7401684298737508,0.11311710627782978,1.0,-0.26899450611753895,1.0,4.459632696687459
-1.0,-0.6631552326416983,-0.6644281966476688,0.06056070784701228,0.43317687136854266,-0.5861732127677391,2.1795220235460624
0.9819255845510817,1.0,1.0,0.6930293890953834,0.3629630439975541,-0.0935109069094835,-3.423675278070717
-0.04486167902900284,-0.9428442262589476,0.44119395893673297,0.6505684710375297,-0.2268081214025479,0.3775578672582332,1.64972025566446
0.9564233490579936,0.5723772296098657,-0.29390832592403643,-0.6318770611261528,-0.6656531692422338,-0.8540635734829223,4.454899911661382
1.0,-0.25553666245728196,-0.2440534957632175,-0.09839177537638111,0.8658352544889742,1.0,0.3956687335769077
0.6032875123805368,1.0,1.0,0.45667146830965755,-1.0,-0.7840387519879948,1.1384837011635376
-0.6933236698715076,0.3743420491629587,-0.2917983448382353,-0.04403242761482265,-1.0,0.13998490100234995,-1.9388624991061216
1.0,0.5570877335995292,0.286265931555937,0.700885959213027,0.08101395944942391,0.9441723309256644,1.5433162198121895
0.43886374046026133,1.0,0.4030553890108093,-0.6339781539588744,1.0,0.7151076028315169,1.4989853058053657
0.0901149903553562,0.0030611234069774507,-0.33767621043289586,-0.19985407432637758,0.4436368758954908,-0.21934202541232417,0.7270740458844436
-1.0,-0.39375270763786907,1.0,0.5432972327538508,-1.0,0.409624013784433,-4.815968987180035
0.7552249159027411,0.9706378138582503,1.0,0.047801759284544554,0.1714297067207724,0.9726181400592373,-3.264200855164731
-1.0,-0.3313762579434803,-0.7411980298487413,-1.0,0.20833561085168867,-0.2069561994312985,-1.109774287042362
0.3934664359286356,1.0,0.20410688955291345,-0.4479621823329497,-1.0,-1.0,2.6027831482728687
1.0,-0.29383311909901044,-0.14974287176683254,0.7969979174016922,-1.0,-0.9214998653239146,7.39557650849646
1.0,0.7872744277959809,0.3606789412646938,0.8688844500817088,1.0,-0.0015142547000268625,-3.156020842083919
-0.5973116281025728,-0.30908712438763,-0.40673533763419134,-0.9098728061009795,-0.12586416290159574,0.4729215489320854,0.10376622298506671
0.06855035192179587,-0.5231491805360637,1.0,-0.02637317553779378,-0.8890903168676932,-0.6011492516990422,1.2439687641443444
0.5858300966026868,0.44918104853814156,1.0,-0.45065488564703926,-0.39251833876604714,-0.07706155516244328,1.4298808733461759
0.7701093969729158,0.3642051192992659,0.9644993198523394,-0.02993789036728431,-0.12898299047659073,-0.7899897055798074,1.9107162062420948
-0.4715168645091544,-0.49587102266257665,-1.0,0.5154111028134932,-0.01345223107989768,0.791540709301404,3.475099612126937
-0.31067049425614357,1.0,0.24148757769752352,-0.03912857929700164,-1.0,-1.0,-1.4956091109669463
-1.0,-1.0,0.6265795068732306,0.6805512765584703,1.0,1.0,3.131620479470773
1.0,0.24261582892823697,-0.40194287993859334,0.14811275387429818,0.3740169674928613,-0.18161097731167603,-1.0329232358020493
-1.0,-0.9668954623259081,-1.0,-1.0,0.0639052852952865,-0.638775450744932,-2.7738976109477935
0.2763292597670212,0.4371355917752056,-0.8388867502545525,0.37972353769661754,-1.0,-0.20678472505267353,-0.5481366030250687
0.5801935264042453,-0.30747424651460203,1.0,0.11579182358352597,0.7465651603101575,0.9711118277130295,-3.5075089251760856
-0.7726939828581958,-0.41331686926145284,-1.0,-1.0,1.0,-0.9596811627755736,4.883373780050071
-0.6712358202079092,-0.1131538066144446,0.40454871749955007,0.9461291947599234,0.3729337164659084,0.5590738969456284,0.27552264839541424
-0.708734602183814,0.16725460666056327,0.11994800695229668,-0.37989499200894894,-0.7349820186715856,-0.9018220177041095,0.3078648872329415
1.0,-0.637117648678552,0.39457783716216166,-1.0,-0.8784536908283356,-1.0,11.57393366210654
0.10248793546936619,-1.0,0.5703174561211549,1.0,-1.0,0.8971904458282864,7.265608225893047
0.046948898615474355,0.022642205651824565,-1.0,-1.0,-0.3660347538914679,-0.08078089514203801,-1.1182680163190244
-0.6832750837942361,-1.0,-1.0,0.09389239208671138,1.0,0.641619466723247,-0.6188921084364651
-0.5779260117882816,-0.3349240438016402,-0.018131939994222857,1.0,-0.8926573627037275,-1.0,0.9949349148255012
0.1554500744778619,0.11040119673422133,0.7391777232178737,-0.2684717266986677,-0.7155984618636347,-0.5400655765625701,0.36786022380126104
0.6898494037462362,0.7939815686108549,-0.012826845783460716,0.5112516505537683,0.25235122982990565,-0.4951867053798277,0.34651997398084333
-0.9384830789905393,-0.7095639964532567,-1.0,-1.0,-1.0,-0.13503896367509977,-2.135430365358916
-0.07600080784066202,0.31816160503382296,1.0,0.6497914343437696,1.0,1.0,-0.13512618756508743
0.7838993705438808,0.08215426739529835,0.853015534007764,0.5182569873815923,0.06786986738244383,1.0,-1.2351484051399542
1.0,1.0,1.0,1.0,0.5857247653121394,0.29924242153280667,-6.7485871848842285
-1.0,-0.5382493539608104,0.3003163000844813,-0.9930401997472482,1.0,0.9918492479030634,3.966197811876461
-0.1825555729037831,-0.35613477922462544,-1.0,-0.9118533295327416,-0.8629065130944343,1.0,6.955249511786344
-1.0,-1.0,0.06025662369292262,0.6295358519659361,0.7109321714602237,-0.4396098041596217,1.98885326259344
-0.35003499751852196,-1.0,-0.7007497549625141,-0.6095636575937251,0.9704919903979126,-1.0,2.6270571985243074
-0.39194425077801287,1.0,0.8674760187520718,0.3367793489473398,1.0,0.27208620857137955,-2.1628124634236956
0.35984500849558737,1.0,-0.7310272673500139,0.8771313374220422,-0.2501482441208459,-0.6372964969424599,2.8254367955526014
-0.24617163921100763,-0.4022832487642073,1.0,0.9627465195217262,0.971468223381332,-1.0,-0.3621726225683231
-0.25633011745515166,-0.0180286785084951,-0.6879540889005105,0.22153038658130747,-0.3204639935736147,-0.842632686474327,1.089723566450516
-0.09830503122289835,-0.23447690186267633,0.016964781882770563,-0.3532685694556562,1.0,1.0,3.8106564708796746
-0.4392874242945868,-0.32428658768164587,-0.7203610399577964,-0.9576941328985704,-0.1629914210706866,-0.4346331023234408,0.43130550601911555
-0.5343883087148962,-0.1004516416596595,1.0,1.0,-1.0,0.009376423048945648,-2.5000103224212533
-1.0,0.08494028474540927,0.3198659867299491,-1.0,0.14071768205731838,-0.13336433664865688,-0.9192226848232411
-0.09253768126062661,0.7013382965372049,-0.8426148413239058,-0.42143392550211456,-0.2455171775514769,0.3398566991002065,2.8893532876206405
-1.0,-1.0,1.0,-0.7390495631885237,-0.33534241310565466,-0.2155960874547561,2.9859191462934347
0.08810181388841848,-0.1040126954658259,-0.08237655280255808,0.9719410727770327,1.0,1.0,5.472443078937702
0.6727713424085694,0.42527825958102383,-0.6374931622150322,0.37285160869088263,1.0,0.32227503052188167,-1.0131467315714342
-0.3527518519060592,0.022963069579699125,-1.0,-0.8974266553358401,-0.6145358719788931,-0.3061809604780186,-2.1057193714028006
1.0,-0.23300661596226768,1.0,0.7947919767228142,-0.12389882243997541,-1.0,3.512104936040999
-0.16319416874605464,0.077092430089682,0.7963793614480068,-1.0,-0.17869214064600905,-0.514476133193394,-0.054262160492812676
0.8648862311434888,1.0,1.0,0.8089244961162931,1.0,0.4696902011822932,-8.131925768301203
0.447967894967607,-0.5247133426267387,-0.9492637349572532,0.017399734505310516,0.2514809154731753,0.7708253164224778,1.3490251711138228
0.37720023716384043,1.0,1.0,1.0,-1.0,-0.0008310097854418164,0.3135023136489671
-0.19029587621879368,0.7242045321476631,0.0566354942382431,-0.21683167046555168,0.8001926109269555,0.45021019066774287,2.1512210232490796
0.3224428300656863,-0.2993136965858245,-0.5275829142690324,-0.5303372149712305,-0.022673736159671443,0.46365272834330135,0.5691900437962797
0.19718132957696533,0.34055996881695183,0.46041524323900673,0.17448073235263495,1.0,1.0,3.9813412410014584
-0.7091159957987931,-0.82737773439434,-0.538432120371017,-1.0,1.0,-0.38787420386195515,1.7316332771739422
0.37905321701646577,0.3392976742340747,0.6980513538449593,-0.16838014943060187,-0.3271799841435816,0.18230200930705,0.2022587073111523
-1.0,-1.0,0.012885092217487126,-1.0,-1.0,-0.44565274916192565,4.803362431131295
0.4149624378918379,-1.0,0.2378291460319738,-0.6408756234161979,1.0,-0.11841311275925398,0.8023258822992758
0.19641938482415133,-0.4829465570465846,0.47584340966336114,-0.12423067973878532,0.625716086869262,-0.3272639641388889,0.46398901317334806
1.0,0.42109215989013016,0.3107210463092164,1.0,-0.4233502115748043,0.8394150850128794,2.776945067607581
1.0,-1.0,-0.672395292732067,-0.7217697421858731,0.6773041458106881,1.0,-4.8177256211459465
0.22456846459716823,-0.7346296203977303,-1.0,1.0,-1.0,0.9359400904472235,6.740072793441908
0.29406236166803,0.6814291220076437,-1.0,0.43334033699770536,-0.2600455175085695,-0.02567533649501108,1.2057182175977752
-0.7994577878796656,-0.3724646013122849,1.0,1.0,0.9565752769525007,1.0,-0.631072463049188
-1.0,-0.500958013583158,-1.0,-1.0,0.3367727663803045,-0.5641924874730179,-0.9139214611240565
-0.1754993275358724,-0.16387673381351536,-0.054843330012868924,-0.7875620377166473,0.42235487175160635,0.19269325796654713,0.586694659133918
-1.0,-0.3285253372579958,-0.5850945939277313,-0.280751364435895,0.6481852101703008,-0.7406278753660331,3.0728045312047816
0.05658794874654943,-0.04726548916578138,-0.3816057836261262,-0.8323892975436823,-1.0,1.0,6.383256432061266
0.4600705309625726,-0.7834133270676615,0.45198199164446345,1.0,-1.0,-0.7071597174203852,5.594056635482591
-1.0,-0.8608048306871245,-0.7782933889630534,-0.7005200429343541,0.9016690759154641,-0.6541571382447531,1.2376066902503395
0.9883928126743539,0.7124072278558946,-0.7236280323545683,-0.39254620840245646,0.4005234521522394,0.2381348574680653,-0.03434738832250091
1.0,1.0,1.0,0.2686601152179324,1.0,1.0,-6.4689831811767755
-1.0,-1.0,-0.08071270602403276,-0.35977709901709654,-1.0,-0.44205401821844753,-0.10902645839418107
0.380493079624461,-0.47738361869348817,-0.8546418274070877,-0.4020395856374239,-1.0,-1.0,3.274391000492201
0.2752416755510453,0.4166077293259696,1.0,0.8579613570636377,-1.0,-0.8629257604894396,2.07903919120264
-0.8841850202102426,-0.6024742421439997,-0.470413084325387,-1.0,-0.31642938904242635,-0.30299020383000536,0.17301778310732618
-1.0,-0.7316634042461366,-0.9260904539103596,0.0397116277774931,0.31472489996440656,-0.7677819944345804,2.1769312926484328
0.270322084747467,-0.24508088421291946,1.0,0.47498473194970536,0.5865192824790846,1.0,-2.573606288609568
-0.2987822906895492,0.3245025812053192,0.1551181324935657,-0.29268958993150873,1.0,0.8126566924780187,3.7098315715008434
-0.9315560717639397,-1.0,-1.0,0.7732034971928656,0.2591266778019261,-1.0,1.5609818296101903
-1.0,-1.0,-1.0,-1.0,0.682211555171834,0.7500555570095726,-5.11930651988787
0.40264140959158123,1.0,1.0,0.8463395307962979,0.028150564847509774,1.0,-5.4938337806550495
-0.8665897409240167,-1.0,-1.0,-1.0,0.731906523773855,0.95949460039977,-1.6517734096449925
-0.17980019980519674,-0.6764482738432991,-1.0,0.638347217621567,1.0,1.0,6.752542394328787
1.0,0.5761576568317298,0.27146109799936446,0.15016442053977752,-0.6987153661668903,0.0059313895459097155,2.281313603551102
1.0,0.3397553541878304,0.6700801017986215,-0.2743845562284024,-0.9183413244938687,-1.0,7.327067971389459
-1.0,-1.0,-0.9606836863771417,-0.10050536119775999,1.0,0.719772275256159,-1.4025562692809985
-1.0,-1.0,-0.39989617222068663,-1.0,0.6345235708754415,0.3955880408084447,-2.244302115070251
0.5614518777955764,0.7688576408025792,0.9987221888607692,0.34269931074125815,-0.7271551674152182,-0.7744648480870316,1.5975050706566936
0.09587738352182962,0.7845460319116915,1.0,1.0,0.9441731323003405,-0.18421482571249637,-3.211987982271147
0.2861120612767103,-1.0,-1.0,0.6385984033400526,-0.6330123466590396,1.0,4.437778129336389
0.7067389887819622,1.0,0.7848763515226909,-0.21329351551682174,0.2735266206989022,-0.7154322017640558,-1.2048531773953046
1.0,0.5855936960634269,0.9732632869217717,0.6464319683532029,1.0,0.4769015744835243,-6.020396662398994
0.23810982456235058,-0.44637279144538944,-1.0,-0.4764305762656132,0.5641689291731344,-0.18519248898428906,-0.4759275651516093
-1.0,-0.009403243846070275,-1.0,-0.5026865648657683,0.3110204878258811,1.0,8.055053856359118
-0.575711672348447,0.583502081912703,0.4365919773152427,-0.4869206283618315,0.003357484778231279,0.4545786068628899,-1.4542702225547286
0.7740211462575317,0.5984033226250556,1.0,1.0,0.8194684796984861,-0.07426669745120479,-3.4665073062888117
0.05300377502011089,1.0,1.0,-0.27866524662064457,-0.5091101667560313,0.4024372112731399,-3.6260574245275636
1.0,1.0,0.6908624822026619,1.0,-0.4575376357370972,0.3869067727556772,-0.7645084064202192
0.632289895854139,0.8429818378982545,-0.24090920802532845,1.0,1.0,1.0,2.766303486814926
-0.10201494364860302,-0.07079595558603563,0.7842947134389685,1.0,-0.43582294258157894,-0.014136310631308324,-0.13232643688932055
-1.0,0.20072274804166035,-0.5097370648336831,0.8268869350354348,1.0,1.0,8.99815712415712
1.0,0.5137103580004824,1.0,1.0,-0.8017727280573423,1.0,0.8311688729724532
1.0,1.0,1.0,1.0,-0.3631078341231465,-1.0,5.282477238552535
-1.0,-0.37472330092383166,-1.0,-0.2662802421043837,-0.21364421463837638,0.9255401175367606,4.78164628656353
-0.6948735542437587,-1.0,-0.8708602364238813,-1.0,1.0,0.8925686115503577,-1.841784958957626
0.6747457747659491,0.35509965813516864,-0.599654587482417,0.9723105989086875,0.33864860403969055,1.0,1.5876139863676049
0.6371492591339158,-0.8689713537711179,-0.6622997591445436,-1.0,-0.007754652983163246,0.8636905258332439,-0.6252512052356928
0.08359481010287584,0.20736615558740246,1.0,0.588887960453996,-0.27874780910753566,0.4846774147274662,-0.8626562958661497
1.0,0.3551514386882937,0.1413077322266012,0.8911490041588104,-0.004210089739544176,-0.7340629619808334,3.5105871924900254
0.08505235531814037,1.0,0.9891652934734279,1.0,0.6132960890616967,0.4679761912967264,-7.192488447493894
-0.6092562267199426,-0.5685948688057889,0.36714048234786933,1.0,-0.4656014189902014,1.0,0.5973947707885091
-0.8461472099683556,-1.0,-0.015582967600108022,-0.946817013477304,0.21337324196153096,-0.770347617410269,3.2450666822314806
-0.10508740071174505,-1.0,-1.0,-0.5548730828456563,-1.0,-0.25055871648664274,-0.9430255851523313
0.08359130478793286,1.0,1.0,0.5026156760902345,-1.0,-1.0,-0.20745055465888684
-1.0,-1.0,0.23239028930384759,-1.0,-1.0,-0.1616450228459998,4.112405058090009
-1.0,-1.0,-1.0,-0.174649591466283,1.0,-0.2729479605607706,-3.683742985213844
-1.0,-0.5744954217088611,-1.0,-1.0,-0.3731751706478016,-1.0,4.0217247532928
-0.9141128685542671,0.8242388083901386,-0.5353027832992874,1.0,0.5945743161967326,0.268892162859392,1.0545951605794301
-0.3595139567447675,-0.7771828824539796,-0.6272939346516669,0.2357624149426065,-0.9678187299552605,-0.45427620889158654,-1.4998285519660979
0.16274505724066302,0.9019359129828834,0.5360510106390801,1.0,0.07221325627273867,-0.6855588881523395,0.45384394671701006
-0.16379676025755185,-0.17263874174330307,-1.0,-0.08478582943664414,-0.38834806038530756,-0.6742048893006312,0.5901294308057862
-0.20635352753151415,-0.3550647652623012,0.9745397377404997,-1.0,-0.8051167517287483,-0.36844630683627794,1.2793223090845778
-0.47869020493435144,-1.0,0.25326848264084223,-1.0,0.796846346420561,0.8835372846910594,0.8775284706236
1.0,-0.621733691035171,-0.3594269246185806,1.0,-1.0,-0.7070204809640042,6.826547860956885
-1.0,-1.0,-0.014198494476189483,-1.0,-0.018579594872585092,0.2611127153520144,-2.0906277975722434
-0.45678380575356736,-0.14166134142450948,0.8105319808401739,-1.0,0.9612655950713372,0.6370432221323712,0.333345492778684
-1.0,0.43159066526234385,1.0,1.0,1.0,0.6949003240807785,-3.723396255600619
-0.904809132142324,-0.1714459092382008,-0.9200345889517942,0.05570729684229958,1.0,0.6908367137096613,2.219336859873156
0.1885629783910292,0.8928391012004437,1.0,0.36984643241425696,-0.4154444016552088,-0.8100555410824275,0.08388442240306115
-0.1109822860256039,0.16003086795853605,-0.6095989159683408,0.3263464615850916,-0.4030637015622578,-1.0,2.1066425747297997
-1.0,-1.0,-0.22698089783058006,-0.7523181167001736,0.008196253657648644,0.3264007007254143,-2.8241589970464247
-0.9421225876283258,0.9839456150957533,0.7795259283686299,0.39437735344251,-0.9977331779186207,-0.13591562104386012,-4.313057388405802
-1.0,-1.0,-0.9379116770514762,-1.0,0.017349556303144803,1.0,-2.133423844762305
-0.6872006543692386,0.17659428277619504,0.9136275783742044,0.00597639229161126,-0.8213596483686874,-0.6580083591586334,-1.0697420321260163
0.9619673153192478,-1.0,0.24434343423054944,0.8474524742761287,-1.0,-0.19487336425283242,6.673845450141288
0.9393703236051847,0.4599558826555251,-0.001569267794235385,0.5740946961118499,1.0,-0.15416872060109443,-2.1799659001193894
-0.23623692901627047,-0.4900262760508707,-0.4276929468710884,-0.7732167630109691,-0.5826620111579166,-1.0,3.470763636640762
0.8591183817973612,-0.44166957386998673,0.6937770075601777,0.2895294446483427,-1.0,-0.06360377927318006,3.4831857747806008
1.0,0.656797902160219,1.0,1.0,-0.20924892661947447,0.6327400738016313,-2.380364943843897
0.17421402982778122,0.785760521169107,1.0,0.768677135750512,-0.6181469691385415,-1.0,1.4945999256880542
-0.31279931093658503,0.33127189044125754,-0.5957022556721678,-0.21756779365380938,1.0,1.0,6.739418871628162
0.7525396474376009,-0.7487892778566456,-0.8472942091558492,0.32952014833860177,-1.0,-0.3495250822543522,2.0931378043866666
-0.37522473764406117,-0.5154136167197227,-0.40882248643705354,-1.0,1.0,0.841775685898511,2.877208831030687
1.0,1.0,1.0,0.446518841156216,-0.9396836683567883,-0.6755285147234601,3.07983971767014
0.7532348212969707,0.02988307221976875,0.8955475843048937,-0.3151384713930697,0.6389368541659315,-0.3887007274985217,-0.6840303542597747
-0.7610242929644951,-0.31644211773785785,0.7872369679529816,-0.5090471637223014,-0.24226132737231776,-0.6704308757189281,0.867616755676984
-1.0,-0.558490810570626,-0.18104966821051016,-1.0,0.36786799743321136,0.811829457345121,-1.0022064378509246
1.0,0.3726801056684521,0.7829180829336537,0.826464384409259,-1.0,-0.7890615458172525,7.473512621298145
-0.578484995184229,0.012790181501847409,-0.35295140199629443,0.1453476691732135,-0.1838014770375002,-0.6270681081792101,0.62887889578804
-0.13716625540252825,0.22923003297129774,0.25279074318834155,0.9966902675572572,-1.0,-1.0,2.6984621834427136
-1.0,-1.0,-0.5281594195744732,-1.0,-0.23329350388333536,-1.0,3.855044679444747
1.0,1.0,1.0,0.07643560193929555,-0.7272637662750054,1.0,0.37627712946655384
1.0,0.1019530672922313,0.37173148398303846,0.31329123659494196,0.8910875884745982,-1.0,0.8801835969837197
0.6947387944372327,0.5561311587278492,1.0,1.0,-0.6481038840008352,-1.0,4.34934261359498
-0.8837532653261122,-0.8759053297371397,-1.0,-1.0,-0.9342796169396956,-0.466030398100798,-0.19612723014962424
0.6747289146106964,0.37646783992507615,1.0,1.0,-0.2583162092226896,-0.17393115668385084,1.6590036843430673
-0.647819055256802,-0.8352365763175462,-1.0,-0.7191654705139465,-1.0,-1.0,3.4004981788559454
0.18691492653636121,-0.2830969924283463,-0.16658754599012374,-0.37660968139390427,1.0,-0.12990362321604088,-0.04947927659084472
1.0,1.0,0.9122280722927987,-0.11341289164977542,1.0,-0.30154449217685597,-2.7002640034203265
-0.20847995155184895,0.17530139096115727,-1.0,-1.0,1.0,0.04389691044244759,0.6213136804387616
0.127833692072153,0.33750974401121614,-0.3412054058710106,0.8348285249574003,-0.7189218446882282,-1.0,3.120402334496422
-1.0,-1.0,-0.06607553584087675,-1.0,-0.14550813903949777,0.04777158573435325,-2.087107327200161
-0.0034674217182211198,1.0,-0.3524796488436075,-0.15557712273738122,-0.41544775475528894,-0.3789263800599373,0.44417628159963607
0.2509884195856602,-0.08823308687138487,-0.18225683929190606,0.8434399860210016,-0.6723442211810393,-1.0,4.4469152613481375
0.7416959117659196,1.0,0.8739276638423136,0.3118467021166189,0.3012915284539508,-0.8948583000688367,-0.8570247385336901
-0.5985791256731368,0.512420102674584,0.21909638881011972,-1.0,1.0,1.0,7.280587846537246
0.5357440192900493,0.8297145387076641,1.0,0.979571194662187,-0.3473521530559283,0.6198202885102932,-2.4089847280761667
0.238996511395585,1.0,1.0,0.8755530873643897,-1.0,-0.27737056155961626,0.4716327061445633
1.0,0.08548803640427616,-0.38279194763078594,-0.08584206166341501,-0.23366360368114325,0.10561946584221094,0.9874482465467793
0.1706592472128118,0.05884748326942815,-0.7902751868579501,0.5576287536844904,-0.8707478315127866,-1.0,2.1633681415468295
-0.6442151733974344,-0.04213236942486065,-0.8085946298784121,-0.3489726512614644,-0.15679101004817586,-0.510553695204685,0.814677582670664
0.49984437603374066,1.0,1.0,1.0,0.5404118967395426,1.0,-7.774662100834093
0.33037132460867,-0.8189992411723731,-0.8341037900703243,-1.0,0.2379223882439981,0.1736559226890887,-2.5560833526357496
-1.0,-0.5381437457856648,-1.0,0.8203061701282146,-1.0,-1.0,-0.6868449542875026
-1.0,-0.4552772148901759,-1.0,0.24193525087257517,0.5071995323628019,1.0,7.250431099748018
-0.34744436196047357,-1.0,0.8675416963030818,0.1416129646886766,-0.1766337041295982,-0.17868672194642632,2.4640387106257062
0.13060640781008703,0.5966769393408886,-0.5959827321456426,-0.3209572889923751,-0.37862049068406567,0.1681281053188617,1.2586945480593437
0.9081018152173568,0.11482418668727257,0.7814609148256328,0.49628267794822944,0.07305565505578804,0.8398734612733341,0.15854632704956428
-0.018265009476689045,0.06549922366291266,-0.13396268781488607,0.11281695625045911,-1.0,-0.538886773211199,0.620483122812363
0.6682242103545825,1.0,-0.2486898761626966,-1.0,0.6005830330454007,0.6040605270858668,4.0465103368185
1.0,0.09561627697903119,1.0,1.0,0.15521046528310045,-0.5339936447258309,0.6065632488894497
1.0,1.0,1.0,0.9788566004344463,-0.4538239035147773,-1.0,5.482337055910811
0.877575612567836,-0.30860875894458234,1.0,0.876356943965366,-1.0,-1.0,7.286757095123838
1.0,0.09629766562935782,0.3650801140060257,0.4136681263716877,0.07136553507931453,1.0,2.02371211901502
0.2623624580826886,-0.08470403098362334,0.9186046285567091,0.6542346513049355,0.6565536517692641,1.0,-0.932941983042596
0.36964267818418484,1.0,0.675022911957198,1.0,1.0,1.0,-3.4746251841756246
-0.012971003945224657,-1.0,-0.5632485930659401,-1.0,-0.44193289346074816,0.2865811050793627,0.17350898524170144
1.0,0.588693739166757,0.6589534098150263,-0.27992086685469897,-0.8505580401761565,-0.11344138163734963,2.5504323601568286
-0.23730033682125662,0.9578711175655696,-1.0,-1.0,-0.14263403340605296,-0.70604508298479,-0.1186252893467146
0.5727293660550252,-0.13096388764943012,0.9204242660696849,0.18221607006636287,0.7063649585486023,1.0,-2.7334382731933062
1.0,0.8066408048862906,0.6841509356928441,0.04081067392461235,1.0,-0.4908053516468548,-1.4448030864977246
0.9300138186997458,0.7527732474749464,0.43242720480153507,0.1702771405611,0.040500421699695366,0.7506554945565649,1.22889296654731
-0.14224214440086747,-0.1540706231943767,-0.8450008443158147,-1.0,1.0,-0.8971713204805434,2.605963231794729
0.9026168586414812,0.3253423617679585,1.0,1.0,-0.177903813284207,-1.0,3.437514898694484
0.8088073705781853,1.0,0.5304289259380011,1.0,-0.32861155346395865,-0.5741835812217717,3.346386241670302
-1.0,-1.0,-0.41557937813251344,-1.0,-0.16240062094209473,-1.0,3.402524826683614
1.0,1.0,0.3174643463814333,0.6984681777955692,1.0,0.5666873689207835,-2.974631516219744
1.0,1.0,0.37917320646574026,1.0,0.44779085013885545,0.20834540058607576,-2.55049756024602
-0.1981941925869286,0.4132501556161774,-0.8834915713153584,-0.26284489786029064,0.06615016129389935,0.7663029036168597,4.688130947118329
-0.5701361842089941,0.25009249914525067,0.1970481508697644,1.0,-0.8207087527016792,0.32666540461194504,-1.0465766896942434
-1.0,-0.3782099957227103,-0.6317348922514769,0.0436391977751196,-0.0064659245376309515,1.0,4.074405036074232
-1.0,-1.0,-1.0,-0.9772009203479745,-0.06149976287612402,-1.0,3.1276817350812527
0.9286802739417424,-0.3501605292877218,0.3862595786303881,1.0,-1.0,-0.9247021298097065,7.969163400623648
-0.7198486822018759,-1.0,-1.0,-1.0,0.5125642792657529,0.18469434442776733,-6.640787413559635
0.8722740560084887,0.14365608961241105,0.7834811289614214,1.0,-0.057158858723119765,0.393593356458128,-2.0625531440445086
-0.7878118132968142,-0.05742083508619589,-1.0,1.0,0.8415261708173416,-0.6898120029448238,2.020332555439171
-0.6916355330815411,0.2640896921940314,-0.12269343801843968,-0.5573085093550455,0.06908603736209717,1.0,2.1089688155489292
-0.5241801433423365,-0.7289716499334791,0.23401903727393636,1.0,-0.2504557756040955,0.5412732989128648,-0.4188024341674733
-0.8613678003820832,-0.22386716383542998,1.0,-0.9678148375492197,-1.0,-0.4585746718046708,0.010997030544712905
-0.02683697613402669,-1.0,-0.00630144605981231,-0.3144977980038488,-1.0,-0.13023626024433876,1.7339636983958933
-0.5648674091046161,0.4656689582241616,-0.34449313740793175,-0.23992265993282047,0.7747615167286421,-1.0,3.8212559430427815
-0.056733804424620865,0.8908597710583493,-0.8186294519125772,0.8790782113940127,0.020040284941025943,-0.2775260873757899,0.2983951075895568
0.7748251799277062,0.25755595529652486,1.0,-0.3485203914896714,1.0,1.0,-4.472344057523886
0.8729383278170091,1.0,0.3639854555034583,0.9238033567854087,0.8215663648162108,0.9102077493652255,-1.0454022875658975
-0.49132333206476364,-0.2628391777095227,0.2722720066338761,-0.42150924026038217,-1.0,1.0,1.3547242926988814
-0.3493390771711955,-1.0,0.28726331173289116,-1.0,-0.7098451812392834,-0.5130794124575428,5.9900426524097
0.2959479743933936,1.0,1.0,0.722862024608839,-1.0,0.5657730153240672,-1.6949537593677286
-0.6683837743202085,-0.7724165493621526,0.4606052784451167,-1.0,-0.022865806337187183,-0.03126747451759204,0.28984611596256027
0.16744049471351152,0.7683186431607167,0.46403410521872185,1.0,-0.9687293167973805,-0.4045183503376131,1.5494333934032296
0.22522529137947733,-0.47145947976139324,-0.39294349244817905,-0.6990249988562556,-1.0,-1.0,3.710322417783784
0.22803214475074018,-0.5147500118439021,0.5542869098915433,-0.011864159994656232,-0.7879136363852608,-0.5950546668941639,2.408552593345722
0.774003904051334,-1.0,-1.0,1.0,0.041396111429854,0.8992721846499744,2.4739219369840937
-1.0,-0.04778305689254858,0.24399105626140738,0.0803841170473274,-1.0,-1.0,-1.6076914741964385
-0.0984863450424413,1.0,-0.9782782849692875,-1.0,0.19945359983302435,-0.12768600463779844,2.207928150263186
-0.40074906262460175,-1.0,-1.0,-1.0,-1.0,-1.0,5.523003310774268
-0.8581372072557341,0.7640462395893886,0.8439753843964649,-0.29262079071060154,-0.592461336968571,-1.0,-1.2748482863636288
0.8525257319494539,1.0,1.0,0.7811582691787098,1.0,0.7430148499568617,-8.02818200573547
0.443181349033101,0.8312513189829098,0.0354028986343895,0.1291479287945514,-0.0008441692849355809,0.5560200430924533,0.9223054763978631
-1.0,-0.4467507742195891,-0.4224504827348673,-0.7263932936147839,0.2842969439818477,-0.7212895569762274,2.7752964047799202
-1.0,-0.19442927491826123,0.27274901209545876,-0.6291710675154841,-0.6834779501887434,0.7382756334261508,-2.4988143374708365
-0.7035050265037719,-0.07370909631151845,-0.1622072552860665,-1.0,-0.2167038519488813,-0.9186728631684447,1.6086165006214606
-0.30319709544006096,-0.890544739531768,-0.05225612674297908,-1.0,-0.32513899008523905,0.7130805076345879,-0.6365368291218957
0.1087615876294673,0.4197917092563162,-1.0,-1.0,0.41823455567328094,-0.013777597355062288,-0.9011504108797421
-0.34644424170227006,0.7925954766468947,0.41201681984642813,-1.0,0.7745516318390906,0.36886060306060053,1.3311027084755613
1.0,0.5789858383617301,-1.0,-0.8343663420039966,1.0,-0.4112543469099757,-3.6817577168818576
1.0,1.0,0.7672290388847416,0.030214445361896214,-0.11871710030709448,0.1593862250416422,-0.36227592153901034
-0.33836586757625775,-0.9096115611595317,-0.5221074455892845,-1.0,-0.44001135312361384,1.0,1.006848576780662
0.09947457036287619,-0.10995853641318283,1.0,0.8989202937802199,0.1811478484314452,-0.5433928900072198,-1.1023103733339221
-0.8792640809854972,0.22193766275509558,-1.0,-1.0,-1.0,-0.41822978927534993,-1.8701878617932655
-0.8062122349249692,-0.3238109803728457,0.4423693707552403,-0.5692266202182659,-1.0,0.18299819066162526,-2.554264750303029
0.6315071226586996,0.6799156334262138,-0.27202165475319423,-0.23822726411492234,0.31231618688130813,0.9657623878834032,2.88991223468315
-0.1748275501819116,0.3491417335819297,-0.29700794083769805,1.0,-0.427340447939935,-0.5243420468655585,-0.0652535546855646
-0.6357541282249493,-0.5724731769024706,-1.0,-1.0,-0.8435861210805454,0.4001267811876946,-1.7855565219439677
0.7333480863832448,0.7957400538378078,1.0,0.8704946598939183,-0.429976168501111,0.8873065890198577,-1.3935775555242493
-0.559773724944779,-1.0,-1.0,-0.7769173194628411,0.4777296183194166,0.5257836453214095,-3.6792494826052153
-0.13404817311496497,-1.0,-0.10502267023202827,-0.7621001589347494,0.4996182770996829,0.9958364681228642,0.7159409964355751
-0.3585803330465288,0.6106353297038687,-0.28483767857418085,-0.30941484165026295,1.0,-0.3939752772306186,2.30033541334903
0.4968746588611972,1.0,0.545920546220199,0.1681624016445047,-0.13819701830378972,1.0,0.468840170785622
-0.8559313743336694,-1.0,-0.8087349751797346,-0.5400440271787408,0.25527899826095457,-1.0,3.5191992841811346
-0.6135541870736382,0.25679943057506127,-1.0,-1.0,-1.0,-0.8774859879516499,-1.7955864619803783
0.7773039688445618,1.0,0.6637579197441829,0.6284229818114575,-0.11998463316216869,-0.5232579949482337,0.5157451985769773
0.26247068339544377,-0.015876307114301214,-0.2823340717505967,0.10217129890185728,-0.662457312853352,-0.8040676220535554,0.809858631366825
0.06250716839622722,-0.16198805602900151,0.1892904500136946,-0.3852851513760858,0.02959311965040995,-1.0,4.017373552106596
0.5909734512259809,-0.36025362206960543,-0.6604120397070098,-0.7219226532942735,-1.0,-0.7749343249746583,3.524957891784572
0.454544247258283,-0.23488644392650734,0.03347590932140987,-0.7206766956583842,-1.0,-0.10378600451227893,2.917847517855466
0.6800232555649014,-1.0,0.45031861752609115,-0.47286797641770995,1.0,0.1007905773137292,-0.6842489755894058
0.20823534894051687,0.5823911887166939,1.0,0.0497591248125715,-1.0,-1.0,0.4836066043277397
0.2565752903484122,0.18287783760088994,1.0,0.18602885321145024,-0.2554890210660477,-0.9124290277516607,2.8536553826190056
0.6468669930949912,-0.2543433570615361,0.6705057004508266,0.6495609072262878,-1.0,-1.0,5.908943034366739
0.6247356219235652,1.0,-0.7250340489833745,0.7560770790972203,-0.31318749586477096,-0.5174135257329444,2.685140806394925
0.811364382125595,-0.23050228600296802,0.961520191763833,0.6303044295574735,-0.4793297528760251,-1.0,3.3651192088925868
0.29265957832533085,-0.19579933786420134,-0.0890433379314115,-0.4388208398965364,-0.44240857101018394,-1.0,4.0518824372919005
-0.34026678216543943,-1.0,1.0,-0.23778351837786244,-0.5594441880719072,-0.054946195467140524,2.74755587476652
0.3778294010307581,0.05909269339993406,1.0,1.0,-0.41918515827775965,-1.0,2.3701123863190956
1.0,0.32240582264418793,1.0,0.6104920011144126,1.0,1.0,-6.299068595440002
-1.0,-1.0,0.09400879588336403,-0.5951140794553025,-1.0,0.7339766771096604,-2.8065146433122177
-0.28002519527417713,-0.14495181806424506,-0.42374932769212115,-1.0,-1.0,0.7846013423968062,3.4416841221319205
0.2717561189000144,1.0,1.0,0.6417899528774076,0.8391820201509403,1.0,-5.316565743952923
0.5513515722154152,0.10830550562068822,0.007477611141023521,0.32196832682524146,-0.6795138026997841,0.8749566757675986,3.387849791346424
-0.5914531918146043,-0.5523775817907682,-0.33300844393814066,-0.6368131057112887,-0.40998854693815107,1.0,-0.005260430121342807
-0.18491965877069982,-1.0,-1.0,-0.017168549321950444,1.0,0.2168975042968069,-2.357920153282116
-1.0,-1.0,-1.0,-0.8461341422476143,0.0816191608629453,-0.5026234858198473,-3.864296642251869
-1.0,-1.0,0.033419305237191776,0.2972874284984709,-1.0,0.20831436879943488,-1.5855055334505517
-0.2512443186417864,1.0,0.9367971601450997,-0.1725065282995627,-1.0,-0.7241266680139393,-3.456253288197223
-0.3591989571318215,0.5283160560595448,-0.6243443116850469,0.5474558445816176,0.02276044079137346,0.4700969773189364,1.4575119506542455
0.10469397966318184,0.9714473815206126,1.0,1.0,0.12878887114527537,0.6141236572832306,-4.595026783221366
-0.15880753571908468,-1.0,0.06616059586981171,0.12343788492142133,-1.0,-0.8889333441455053,3.752933789014288
0.9582338250700367,0.5447082305530218,-0.33391030304103475,-0.21093305345455549,0.9584489437915902,1.0,0.5299311949418646
-0.2881474051701892,-0.9382793338623711,0.3468339260931266,-0.6724129110988042,-1.0,-1.0,6.0224415358876575
-1.0,-1.0,-0.47819974615690497,-0.35387091953127925,-1.0,-1.0,1.5042341649728317
-0.1138896293920224,-0.27127573213566525,0.48615803651694667,0.8707646407791818,-0.49495541590834724,-0.2150621125206612,-0.6088553726560257
-0.7488134845004366,-1.0,-0.9115032764928548,-0.6963887549779872,-0.08742048717221218,0.38127730308086316,-4.760680962082414
-0.38683480262332326,-1.0,-0.23792913448197583,-1.0,-0.8197519891605533,-1.0,6.640462760549331
-0.41235323410582114,0.0854360343665958,0.7013960715907852,0.7467515706863131,1.0,0.9073922324241248,1.407125718334489
1.0,1.0,1.0,0.057876514617423824,-0.28516418287869344,0.11134356248959629,-0.5704450377471463
0.6395326205181857,1.0,0.5866572111602419,-0.10527607696479457,0.493184712070293,0.22668206581507588,-2.044760520886635
-0.20589770980892919,-1.0,-0.6708190240283118,-0.34359180127148975,-0.9498886448587707,-1.0,2.3005161308767046
-1.0,-1.0,-0.46124367226156004,0.25733822369498993,-1.0,-1.0,-1.0197344228117866
-1.0,-1.0,0.47867017017684965,0.5072634802717508,-1.0,-1.0,0.884611363299762
-1.0,-1.0,-0.5897721511013658,-0.8927426761544868,0.5279233981393581,-0.7473083194355246,1.8498515047158612
-1.0,-0.20336653187181364,-0.9478225937988471,-1.0,-1.0,-1.0,2.226463555756469
-0.11945806362258016,-0.8751591424301135,-1.0,-0.0629614541339556,-0.311587724236549,-1.0,1.3876045923256002
-0.11921453007661945,-1.0,-0.6090028502563714,0.6341288904118773,-0.1472588404970503,-1.0,1.068613760482498
-0.7070619643975748,-1.0,-1.0,-0.12298157136011434,-1.0,-1.0,1.3628264756928339
-0.0396607115958153,-0.8370993968458099,0.7373796780470804,-0.19391329100680288,-0.19401515926867724,0.22476295650443023,-0.05391015923472353
-1.0,-1.0,-1.0,-0.3594236393157788,-1.0,-0.0018935252870471153,-5.61367394483987
-0.37064038541782907,-0.8010707826795043,-0.11004551287305886,-1.0,1.0,-1.0,7.119692612839189
0.9372564429374458,0.843179088246836,-0.11207837184872194,0.12641926938091286,0.4223307632057477,-1.0,2.642719499151662
-0.6995133189406402,-1.0,-0.43059525608568394,-0.5417749544688433,-1.0,-1.0,3.267298620461543
0.028944996711235182,-0.640683225959623,-0.05394312623441855,-0.49341637611605177,1.0,1.0,1.3284401495989715
-0.9245978637628631,-0.14582688960591464,0.8607366286521965,-0.36264822609895764,-0.6440873124475974,-0.761236874185271,0.8451686992596964
0.10521825931820095,1.0,-0.15653756267375663,0.933159476601751,-0.5783198373174797,-1.0,5.994127580811574
-0.17843579932221254,-0.49516649355133896,-0.15876309330606825,-1.0,1.0,-1.0,5.6954213239728215
-0.719782492702221,-0.7279665212452202,0.05004649093072146,0.19810078778792284,1.0,-0.06241823572209841,1.4949123974959466
1.0,1.0,0.9388578496081149,1.0,0.8316287506795108,-0.5773718840091233,-4.667156109706916
-0.37981175684034674,0.20091319259176998,0.6191830320878429,0.8085165428541748,-0.557496189262692,-0.4542036360428876,0.36986182940582024
0.0806623562552401,-1.0,-0.6920676379825288,-1.0,0.5480598140228632,0.06014816865752992,-2.945054065177448
-0.8909834145116684,-0.09089514810157673,-0.058488669528992565,-0.07699973902910846,-1.0,-1.0,-1.3819555699559478
0.44204592000433196,-0.4303374525392771,1.0,1.0,-0.3666623240335992,1.0,-1.312238442402885
0.7256652716783751,1.0,0.4313729753917473,-0.2848658251832078,0.007262887497734405,-1.0,1.0344005203216036
-0.40740001171704904,-0.15537120103841445,0.9531224117611818,0.25418215154229734,-0.4878400367616992,-1.0,1.099096710583236
0.155282005264877,0.08640439386016169,0.4282609619307801,0.6940460671113615,-0.356123600967146,-1.0,3.0571320993367723
-0.5651863617007036,-1.0,-0.2001257489904646,-1.0,0.22064294322468486,-1.0,4.788057627609777
0.8255574575417108,0.8529513701867535,-1.0,-1.0,-0.15943192743207543,-0.17547714402681835,1.8999522886176443
-0.8729635520585579,-0.5194309561326642,-0.46742932466112497,-1.0,-1.0,-0.8876694201824444,2.4986872315401816
-0.2327668107261881,-0.40031212864929805,0.41138998447108777,1.0,1.0,-0.30470327458515867,1.7759919625845295
1.0,-0.19245691676370624,-0.3130952290536828,0.505638732520228,0.1359633161546766,1.0,2.682695512089355
0.5188127364943551,0.33209681337309316,-0.09616674504912169,0.5509067995530388,0.16589986830491954,1.0,3.2022536460451896
-1.0,-0.7882383275021481,-1.0,-1.0,-1.0,0.9214585158646861,1.530782802797593
1.0,1.0,1.0,1.0,-1.0,0.04968524895493831,4.0727176203898505
0.6657118185269648,-0.39181503381182936,0.10814682974245149,1.0,-0.017508760602039625,0.579467633802185,1.22559583476744
0.3257721745009678,0.3750573520403814,0.8941284332403736,-0.4038796488133326,-1.0,-1.0,0.6693877847190278
-1.0,-1.0,-1.0,-1.0,-1.0,-0.968700457314005,3.7654882373869416
0.5271657263791141,0.897956924716467,1.0,0.38563726002447885,0.060093463991753415,0.982461660416765,-3.005846707905086
-0.4164083639591012,-0.014524341813000441,-1.0,-0.9963675118849094,-1.0,-1.0,1.215193726618912
0.9048417844879363,-0.4800108685457854,1.0,0.42740410623962477,0.8751366426834372,0.7005622014678408,-4.60298086432305
-0.9422482207024012,1.0,-0.43701265297103076,0.09506584930700313,-0.415262759021376,-1.0,3.2925276932351144
0.5249418495622088,-0.6812977994275144,-0.6496269045044145,0.40490102128135586,-0.6055771687290181,-0.49653564029003383,0.7496129376536412
0.685967948099072,0.0721739793553875,-0.2955421835647025,-0.359844472098986,-0.7674333984954955,0.6265858352815785,3.3881696740821385
0.5992469827099443,0.03427248652648629,1.0,1.0,-0.1574097941551832,0.3022340023843757,-1.4471365282664532
-1.0,-0.6204668657672052,-0.43904471496121045,-1.0,0.3357027592932842,-0.958548858677995,4.383948459866232
-0.08689984463111022,-0.23499361685420284,0.021822119956758534,-0.532499247186808,-0.3970309171014257,-0.09420028613180387,0.37106370838822056
-0.6056806288485022,-1.0,-1.0,-0.052906116403141024,0.8887309979342347,1.0,4.3213244762593614
-1.0,0.31963722565996283,-1.0,-0.8699295466337171,0.051595161080905005,-0.2465577849446215,-1.2996317219098956
1.0,0.8572418069055195,-1.0,0.11543442516511782,0.4396594290264138,0.5339964826792488,1.2380464007266192
0.2762020651242091,1.0,0.5252732926745245,1.0,-1.0,-1.0,5.425453918323547
-0.7919444157149249,-1.0,-0.5900414710345636,0.2211641967800979,-0.052554661971775385,0.7065507046375166,-0.9046602617747427
-1.0,-1.0,-0.053177880461163785,-0.27379460348875073,-0.7671160627817706,-1.0,2.1106969706230987
0.2848609271990006,0.8116801252780718,-0.21690478465145552,1.0,0.5943534061377498,1.0,2.8192287914738876
1.0,0.34567371743831254,-0.3889924432091471,1.0,-0.24072211678533306,-1.0,5.780990798420351
-0.6892423082525889,-0.962585278790441,-1.0,-0.28944661018098955,0.9814875449882214,0.8335706931441895,1.2432695577558746
-0.2497647370053202,-0.6338658326134686,-0.9174488806366687,-0.4258542328342275,1.0,0.1525910743433686,-0.9071342942945181
0.7327861108434239,0.664669691764638,1.0,1.0,-0.11239821680468237,0.5553272811437373,-3.013882410946936
-1.0,-0.12896929666041723,-1.0,-1.0,0.025418884514740003,0.7270229115010776,2.0842826307585125
-0.44497088759656683,0.9986071581403401,-0.26030130300943954,0.002192062974108344,1.0,-0.830584702730238,3.405105359549845
-0.2194096486191069,1.0,1.0,1.0,1.0,1.0,-6.015605889352099
0.1299025951619428,0.3627628531086301,0.09201483150078871,0.28871340221884534,-1.0,-1.0,1.7038878577611987
1.0,-0.8707536369673534,1.0,-0.2337107405458891,-1.0,1.0,6.749598292638464
0.3602068189299003,-0.274229642742284,-0.40733208536289445,-0.22121542831212046,1.0,0.44657812994345625,-0.5373501205145804
-0.07723214506231568,-1.0,-0.10049969356802846,-1.0,-0.2768828339610483,-0.43413304551766496,1.522870573897365
-0.9252978715507908,0.6750610862643592,-0.7666013775706081,-0.2501378078966623,0.5366746882740184,1.0,9.362810952543706
-0.2268978913119627,-0.5062864818885996,0.5713687662500767,-0.18279529122635846,0.2809480924356449,1.0,0.7721518126184325
-0.6310668389076998,-0.09439596826678831,0.5234999654444528,-0.3129886338536907,-0.4358809327826418,-1.0,2.4148927651334042
-0.6677911917416298,0.8132632414678154,-1.0,-0.9690139734007873,1.0,1.0,14.303617290113111
-0.611114482701058,-0.3161301601023685,-0.6194826952932778,-0.3616558403692709,1.0,-1.0,3.8173750958162427
0.30407768624734194,-0.7539732038969882,-0.7852548225544369,0.7394441962414823,0.1272700507014508,0.16090831675244055,-1.284878295511388
-0.9844408451747124,-0.6911428549272522,-0.7929759621425361,-0.04224431844624843,1.0,1.0,5.927547810045382
-1.0,-1.0,-0.12315700295564747,-0.17822183099061606,-1.0,-1.0,0.7663092500715096
1.0,0.27650832323961727,0.16656107746060556,-0.7069778923709705,-1.0,0.026477825692972745,2.824919522203372
0.6503259599594613,-0.04184737713778652,-1.0,-1.0,-1.0,0.3947052647618554,3.9971704615127086
0.27230623872482645,1.0,-0.10428166923853543,0.5698590188625562,-1.0,-0.022152355061207496,2.4632928948003476
0.44981930774154777,-1.0,-1.0,-1.0,0.538432194742679,0.2800106350111828,-5.10831371955689
1.0,0.44740932935402133,0.22950230832906504,0.5365192889124031,-0.7526486416498358,-0.7499326389717419,5.2076109465721965
0.9723732260310327,1.0,0.19332978346662233,0.09840670984451139,-1.0,-1.0,5.218906462308052
0.9976965817971019,0.09797019195879897,1.0,1.0,-0.707722952125514,-0.49083747863801874,4.444369916981788
1.0,0.8073052837636208,-0.8032587083723068,1.0,0.33398551346414007,1.0,2.3047969162375352
-0.15861616474721962,-0.6917254341716234,-0.06371214977390138,-1.0,0.020385736393380482,-1.0,4.44015315687904
0.6989577619796716,0.726744309272666,0.8853782510804156,0.05400426449889717,-0.40970254864813044,0.05359022203884045,-0.22590381499499407
-0.5521267231445679,-0.016272952347800906,-0.454774409461862,-1.0,1.0,1.0,7.926745220825515
0.07516985559538436,0.43307229412108084,0.9831860394906045,-0.11174912749813026,-0.5038564383358192,1.0,-0.01488599611454533
-0.4615720735103565,1.0,-0.09810060775101828,-0.8665603172584949,-0.20418565712009074,-0.3695926874367246,-0.359601253049459
0.28723998652369065,-0.9148864663499243,-1.0,-0.7623318110205364,-1.0,-1.0,6.334862276831418
-0.03639143042460097,1.0,0.41241454252650966,-0.2477294714410157,0.30226404486975067,1.0,1.4727617907596788
0.3296494453381409,0.3963013114881788,0.804872238178499,1.0,-1.0,-1.0,3.870108227314101
-0.8569097238477104,-0.5696458056291169,-0.16656645727946728,-0.16396249432686472,-0.6744236967488572,0.6633095340301007,-1.7770394566332584
-0.2559283117252541,0.21796494184965498,1.0,0.6169266984878039,1.0,1.0,0.09566817223430146
0.5110616364544618,-0.48747706706551913,-0.18153918921486067,-0.05953778203572102,-0.21694578616249616,0.035801780747182765,-0.5093556771934942
-0.13195442055660328,0.5760982419207201,-0.37060902604957435,-1.0,-0.18911010923047847,-1.0,-0.354598269594282
0.38222943864994047,0.6566161925622866,-1.0,-0.5397145033599436,-0.6442146056773757,-0.1447929997403019,-0.23734994961981104
1.0,0.15408205413786846,0.5673096403997238,1.0,0.24071744712833693,-0.9274600674947022,3.8125086738250427
0.3734045939510593,1.0,0.09535421386806275,1.0,0.894490625819631,-0.269680139453487,-2.0643010111670863
0.1957286552855934,-0.25614375627002883,-0.6488803857562827,0.9786189393798056,1.0,0.7377682785052128,2.188960415777033
-0.6801682200278489,0.08821980619153302,1.0,0.6894997882928605,-1.0,-1.0,-0.17277040747668004
1.0,0.9686256630968356,0.5406447806542967,-0.8847628285406315,0.12664926279074296,-0.31178668646495633,-1.0216694334574556
-0.06296123089477534,-1.0,-0.4650406595410872,0.027736478435412937,-0.641990940200615,-0.7411299956215704,1.2139303396600298
0.4827947307220262,-1.0,-1.0,-1.0,0.18270816610083607,0.9969872690159077,-1.1003361992096052
-0.7931228610016798,-0.9485599637478084,-0.30691318696819425,-1.0,0.055953065883657005,0.9797805609273353,-1.5506884851452252
-1.0,-0.2719394994134203,-1.0,-0.9723470059409896,-0.5699315785385779,-0.74876955618885,1.3044637902061167
-0.5882128659356199,-0.46952715564086117,0.2061015143358489,0.9238637944871338,0.2042220869958402,-1.0,2.729272687855058
0.605042697828561,0.5321415541491847,0.22925150026596963,1.0,-1.0,-0.8041570757072103,4.483975673263851
0.6016000212872097,0.21283674415646858,-0.09007979406376276,-0.7948798796206823,-0.08613313527499727,0.35573869083257975,1.1469752195849123
-0.30845594377404395,0.04210061549037203,1.0,1.0,0.7412159981687649,0.6660863195401429,-2.1850987753393585
-1.0,-1.0,-1.0,-1.0,-0.6441940403849065,0.3292207048531739,-5.338802251308433
0.5120319863263708,0.4892567518629316,0.7082373124041607,0.3040129254062264,1.0,-0.6314313543580683,-1.265253399512503
1.0,-0.010445149274571575,0.11371867909799205,0.4035990762259535,-1.0,0.1526434742707048,2.842521421295226
-0.7006931684306064,-1.0,-1.0,-0.6771926060747928,-1.0,0.6183828028639529,-1.1634221307873602
-1.0,-1.0,-0.5279111976978665,-0.4170786666185391,1.0,1.0,2.542009853769184
-0.6465544779168272,-0.8499094767821429,0.23305048339367818,0.5540141615362204,0.7368315695921851,-0.6186965718987814,2.5806798593822315
0.1694124761539894,-1.0,-0.9464532711297982,0.9759529200914759,-1.0,-0.3257310748624571,-1.7808163530124215
0.18456097459984494,0.4371130495682959,0.49009391097322996,-1.0,0.13166355112441996,0.26961222555441494,-0.6671463134278637
0.6645922994940343,-0.4990718074000224,0.3060571078611572,-0.7493611381057179,-0.5993786815323908,0.02934285073554957,1.583032489759915
1.0,1.0,0.875795210367736,1.0,0.02957879739627528,0.27959395842127954,-1.787226463857438
-1.0,-0.5033869688452068,-0.13156501637260654,-1.0,-0.19282164700252435,-1.0,3.270575130755444
-0.578655911813896,0.16603261516835777,-0.6643704166033041,0.8679621211553915,0.2685666366452869,0.2016064702166689,0.22602786491551918
-0.45822285375065697,-0.812607984322681,0.5516429031845308,-0.1003054980963296,-1.0,-1.0,3.368177858374315
-0.23809520893679434,0.18507850911108525,0.7338071839166654,-0.8659360382178296,0.1787787342235128,-0.2041091538967747,-0.7482878856621581
-0.9931608530334806,0.5229003004453479,0.20248431475820414,0.9551826131058413,0.028887038922982118,0.0787864033941259,-0.9218994464950145
1.0,0.820916259649328,0.9687687207566094,0.5530176052311015,0.9000871172675833,-0.4004985105332487,-4.418621162120295
-1.0,-0.26902161482839837,-0.5199990981613922,-0.5602457137114711,1.0,1.0,6.377128092908966
0.13621236246649393,1.0,1.0,1.0,-1.0,1.0,-3.4026327979819753
1.0,0.03967586227193331,0.1124543269080932,0.06349460963582665,-0.08126301141112777,1.0,2.1339748225232174
-0.4482739164088779,-1.0,-1.0,-1.0,-0.019264213406120057,-1.0,3.483670554264332
-1.0,0.2520763233749478,-1.0,-0.820631599704601,1.0,1.0,9.901916932461363
-1.0,-0.143585050979526,-0.36022863036568153,-1.0,-0.3138936660489253,-0.13170375083509112,-1.3886930830341635
-0.0010940281209810276,-1.0,-1.0,-0.09483451126323583,-0.16710283455492958,0.9036864264588754,1.4708578247785287
-0.4988655216333338,0.9929287974578127,0.2659884629515249,1.0,0.02287572447343983,0.726879750648212,-1.3200587437829188
1.0,0.8186634084430766,-0.6196925235019377,1.0,-0.4239758131561504,-0.8604824868261303,4.996864963728651
0.8820860635374144,1.0,-0.35720335037887213,1.0,-1.0,-1.0,10.099305835204424
-0.6774483799387546,-0.37103424161683113,-0.43939655786681175,-0.5882295327516335,1.0,1.0,5.395525938214589
-0.24188000666592946,1.0,0.7228096158263819,0.953497741266763,1.0,-0.5720707120512245,-2.238262726080375
-1.0,1.0,-0.250093708245858,0.3212174303672071,-1.0,0.9703719567187494,0.6843576011514126
1.0,0.7391530954079653,0.8489638047460961,0.4719390317432026,1.0,0.4395540435241474,-5.916850134828397
-1.0,-1.0,-0.7707263000880393,-0.07167771154995942,1.0,0.4308271873528189,-1.6228287488312618
0.10929921968905432,1.0,0.6028078109901974,-0.05349035349333159,-0.62173072747492,-1.0,0.3015712562852795
-0.9773656151753112,-0.24952686860893258,-1.0,-1.0,0.13149364259787888,-0.9551935768760544,4.683238611789321
-0.5417678334819531,-0.41981640486981076,0.708197403260191,0.8305253097124393,-1.0,-1.0,0.9443888683486906
1.0,-0.418976613824238,-0.4467573566101876,0.7092859422026084,-1.0,-0.01732333914506523,3.284276889591091
-0.2444126975178058,-1.0,-0.8463701261341707,-0.9578306317267122,-0.43523165149124754,-0.37716090740259844,-1.1093107241824316
-0.32230971869606717,0.08205814086622276,-0.15871009391918597,-0.008951303827120172,-0.7322653397937655,-0.0739990167948601,-0.24048344600476002
-1.0,0.9675014299041503,-1.0,0.37506585178820784,-0.03710179143326134,-0.8787783809725767,7.86366310774707
-0.3802786320074157,-0.7485132694349741,-0.2977354105107961,0.29470156441103507,0.1560148672738617,1.0,3.622799695624135
-0.3557873548956201,-0.33679039331306215,-0.8335935475258306,-1.0,-0.2649426818179398,-0.4400986236997853,-0.9947980250813435
0.0357020359131055,1.0,0.7652444904536022,0.6269356867579066,-1.0,-0.7900991513281665,0.11319705501755412
0.43917000319501664,-0.46477924322520037,-1.0,-0.6385396352547341,-0.39821538674521967,0.7848567360348823,2.470718816551929
0.4121315359728318,-1.0,-0.43120616692011726,-0.06390438219864843,-0.2455329495488811,1.0,2.0135398740268684
-0.6449397928859821,-1.0,-0.42734685569517034,-1.0,-0.4172872107696908,-0.22234959253201536,-0.09510465102134624
-1.0,-0.7279564609578868,0.41163035666699077,-1.0,0.21645568317139652,0.6975850667736772,-2.8517298962775253
0.7026455199006013,1.0,0.4572772441478301,-0.6560757622106028,-0.6500252037094334,-1.0,3.720984016947853
0.565197775849829,0.3869205888425207,0.2750168519402256,0.5565843425387962,-1.0,1.0,6.373583316615814
1.0,1.0,1.0,-0.22396059328590287,-0.6868660097791119,-0.3044727100648108,0.934793761869861
1.0,0.33032967020943665,-0.0194776165107691,1.0,-0.080878723153611,0.3201598673158338,-0.40236328615391426
-0.270693671526043,0.16144448564001898,0.580810270723206,-1.0,-0.6792179345652817,-0.34629875478276206,0.48903512024838075
-0.8385474569212705,0.3250572658382738,-0.671577241110428,1.0,-1.0,-1.0,1.5314755604338561
1.0,1.0,0.720487422241768,0.4820279568544462,0.4419767153840648,0.6308487484769214,-3.088769064001867
-0.19137203106984013,-0.984197388872235,-0.2788910741716929,-1.0,-0.08898686162042607,-1.0,5.027651585964084
1.0,1.0,0.8377767033405095,1.0,1.0,0.21848495161868076,-6.7402205254624175
-0.7517474956817984,-0.08099378220493805,0.7129271905799598,1.0,-1.0,0.3765686825966432,-2.3272705003002354
0.6894515118689524,-0.17992807590495175,-0.26400365796559716,1.0,-0.7573666495407609,-0.025204907977095292,0.7741160171091445
-0.9050218668344355,0.01627481793581742,-0.35055931932985096,-0.014125856711578122,-1.0,-0.6544692215927517,-1.8969958130815332
-0.564749901833768,0.046259114696601544,0.648122628824198,-0.8927505229365456,-0.6093443639889651,-0.9047489410713527,0.3881312564180556
-0.5704063962978465,-0.4471124500985776,-0.6304285250626401,-0.06787007734204611,-0.29275032468087614,0.504486130493448,1.2696676554978017
-0.0002373915306588259,-0.48350570388803105,0.1308183238581787,-0.811371104772109,0.1862562620004753,-0.06439176869494852,0.6320434961284553
1.0,0.31845124609194453,0.03090387899896463,1.0,-0.12441161676901369,-0.32196788096355844,0.8636684149781757
-0.5075112938253035,0.6242495733345022,-0.0018541985827110752,0.16919761354938895,0.26969349134802423,0.22312056567512495,-0.5497623959517345
-0.1183886769695402,-0.1231478629627542,-0.05196398335376798,-0.4375493895500112,0.990259199886552,0.9805386148227917,3.304998069403395
0.5942068815267124,-0.41533586183988314,-1.0,-1.0,-0.057361967634833366,-0.22443836464635522,-0.5866838723780758
-0.5996343668530479,0.20529402590814924,-1.0,-0.45139016990945613,-0.5975216881818668,-0.8533087256903339,2.3963252288986365
0.8127333328539695,0.215188823654218,0.7548940838518482,0.8878804522080846,-1.0,-0.9656224020621458,7.393001100887458
-1.0,-1.0,-1.0,-0.14556737175984202,0.5767255818959482,0.8383957675867693,1.237788926965926
0.012594874102071163,-0.8472085271549732,0.03043071101043615,0.1332765280473826,-0.03769905542031138,-0.5012814070541468,1.3597476106729163
0.35928049702518067,-0.8237247331401026,0.09040486953057258,0.8815585993148978,-1.0,-1.0,5.808055611185878
-0.720575068226821,0.4049692892752675,0.6861222945632792,-0.18123808142457304,0.7518694741143257,0.01618274503502748,1.1585570607774338
0.7956831953125283,1.0,1.0,1.0,-0.7592130062889435,-0.35954639969068847,2.9152278748628997
0.15869268027614813,1.0,0.5214925844485474,0.6750566363900903,1.0,0.19762371519873212,-2.459926758622153
-0.36791235294830005,-1.0,-1.0,-0.4407422987786045,-0.680632003925731,-0.44120879921351186,-1.5211629172644394
-1.0,-0.40487399566001936,-0.11244044120347707,0.3200782754091209,0.10388331974927095,0.2829728033969506,0.09856696720516293
0.5393200102564948,1.0,1.0,1.0,0.7922511688240146,0.8620539142620947,-6.675900023130145
0.5531042596826368,-0.27186112615682134,0.301767052929967,-0.08221306590288541,-0.09106147575035364,-1.0,4.290345364343109
-1.0,-0.07403778451923904,-0.4266662007706807,-1.0,-0.005011462179726367,-1.0,3.8918950241210384
0.06828845808709816,-0.25709760188877395,-1.0,-0.7785087202959022,0.6673137312669234,-0.1175774155911318,-1.2569122509895116
0.054291627355000704,1.0,0.8501448451026836,0.8608426482638989,-1.0,-0.6743034222391278,0.523099169135494
-0.9613005013995511,-0.5735608758455653,-1.0,-0.8466238669227308,-0.24776399878027594,0.20406042680548844,-3.5994762712521338
0.04535006258178764,-0.7744652459297293,-0.24693522756560654,-0.3093446982073221,1.0,1.0,2.1572421896657668
0.5633140771235658,1.0,0.24890792568737574,-0.204841516546375,-1.0,1.0,6.970475004124567
1.0,0.2941230906575007,0.0022706170815893767,-0.5743584096197183,-1.0,1.0,7.657906199482792
-1.0,-1.0,-1.0,-0.009019695201712974,0.5175654385175102,-0.8526029049694372,1.121387688392528
0.08716111496717838,-1.0,0.4510515788860059,0.22773797537798404,-1.0,0.5396977501756635,2.3556755377420635
-0.9069306335870593,-1.0,-1.0,-0.021281885125360667,-0.9046437514604668,0.46916600011447224,-5.319767954329006
0.5666092016493094,1.0,-0.5174612793897448,0.1695740049206763,-1.0,0.7415834987382539,6.054166260161285
-0.7939601801812073,-0.7259598069048445,1.0,0.09964787643687087,0.5821791040242494,-0.8006528297908735,4.601195278695595
0.15131535688385067,-0.40632952922724336,-0.49996949368359866,0.18771803957834465,0.24755299629211044,-0.9755809073062285,3.1405567367342404
-1.0,-1.0,-0.7447882596561456,-0.16223636126140728,-0.608685336564963,0.03719253915004134,-4.404558940968819
0.3095901074036629,-1.0,-0.40163596232885385,-0.18495454021638963,0.09148769748797697,-1.0,3.0719974597817794
-0.8668414259530871,0.33322020521766293,0.8960251901033195,0.7021751161262323,0.6455463852274926,-1.0,2.2412026659745097
-0.8923264571525239,-0.8765006061157028,-0.17791079267830712,-0.20203529405564757,0.4023048156442377,-0.024701653358682574,0.5150698709087452
-1.0,-1.0,-1.0,-0.4478102243677806,0.41333827022841696,1.0,2.18578343137122
-0.7236314815621473,-0.8510186233994498,0.33481009794813243,0.24987600126503784,-1.0,-0.7396371673816837,0.9165768883975343
-0.159674621471803,-1.0,0.17373121333709568,-1.0,-0.9551489878201482,0.9988796828388629,6.626857595454627
0.019738654533459687,-1.0,-0.7941439740267378,-0.30167374814983783,-1.0,-0.45986949916914455,-0.027837320599360924
-0.7955944449176855,-0.1879953019832148,-1.0,-0.16680869085795136,0.16647648494379286,0.8780401290580311,6.1165423999012605
0.569553377856503,1.0,0.6677166756499526,0.6198918969377105,-0.1630030849921184,0.3096148279743873,-1.2146493127289903
1.0,0.3781662282184144,0.19997549094409495,1.0,0.38102918651851564,0.22698390998126883,-0.5892930640834204
-0.10873348835677818,0.874369876809006,-0.05718524989689666,0.08180307503912754,1.0,-0.7554194364423692,1.3856302020232778
-0.8885199437666594,-0.619100643282201,-1.0,-0.039625908499586915,1.0,1.0,8.088351846169438
-0.791522344657651,1.0,-0.04133969985898561,0.8919567406314239,1.0,0.06574999354911482,0.787058861362111
0.14434381058974233,0.24936980390689412,0.14757969567006612,0.2615722591131988,-0.3255226802887697,1.0,2.7190870863381402
0.7065223286546859,1.0,-0.3652749438199721,-1.0,0.4259803300115721,-0.13862394963232344,0.44489879311149055
-1.0,-1.0,-1.0,-0.27165532411688464,-0.3727577592869742,-1.0,2.333677693420663
-1.0,-1.0,-0.9646722930540593,-0.7794531386619984,-1.0,-0.8098955399912888,1.5339287022410852
0.9526400742300489,1.0,1.0,1.0,0.26904308990330517,-1.0,-0.2540041174800918
0.07467793195745137,-0.01929822353617241,-1.0,0.2987882260544681,-1.0,0.06505896346143342,-0.6962091727883764
-1.0,-1.0,0.30088792668158115,-1.0,-1.0,-1.0,7.266816199661169
-1.0,0.22534791053917536,-0.6264130143219768,-0.8239521120516318,1.0,0.4187118369845729,3.403508325181828
0.032546870032636704,-0.7752456186675128,1.0,-0.12693157129292149,-1.0,-1.0,3.885090519125343
-0.33211098095625424,-0.43211410424004304,0.20590343192415567,-0.08493885897123743,0.38892036235238536,0.8845725180050998,1.0191257920788372
0.29873917412972584,0.3261015620371166,1.0,1.0,0.3018621707747424,0.6810487470535678,-2.5431279231528716
-0.31888565656646417,-0.9599667608306228,-0.7644963994384553,-1.0,-1.0,-0.7108309030552016,4.739259555745958
-0.661033194578464,-0.5885284350262772,-0.5374761877378857,-1.0,-0.13599493544791208,0.6465019170966196,-1.1605975729931755
-1.0,-0.5438478618062407,0.1394062515821779,-0.945128051527521,0.8813204104309978,-0.7485585959965868,6.900351979287252
-0.34052609218989216,0.8815792059061999,1.0,1.0,0.07912574784650232,0.6592418605568349,-5.159364271173356
-1.0,-1.0,-0.9396750347235405,0.157195519488181,-1.0,-0.8175837623466418,-2.505195604166923
1.0,1.0,1.0,0.5924829383069903,1.0,0.5539520974591035,-7.200405689777848
-0.9537322604448037,-0.6259688857929194,-1.0,-1.0,0.7497182166902698,-1.0,5.405024294735415
1.0,-0.03672938552137328,1.0,0.1779176202814828,-0.5817925611150705,0.35891413102599645,2.814740535522846
0.7632193079525571,0.7685196670905413,1.0,0.23852574060186027,-0.6037888461565529,0.2518118611077821,0.0004898621880837506
-0.04408726081212122,-0.050659313730165315,-0.34204837162645546,0.8831687861529844,0.3631854574416583,-1.0,2.3118790566007674
0.8285598618598365,-0.8653281410527851,-0.39145292271534454,0.07111566031113425,0.017487977401454025,-0.01866041725818457,-0.7277085639735286
1.0,0.07495180976958586,0.3679634237533153,0.8509570969874746,-0.5746267241295546,-0.47655413559036364,3.503190664181659
-0.2514738368489202,-1.0,-0.6596815257417216,-1.0,-0.7635245971417255,-1.0,4.465290509991949
-0.8534886246245239,0.9570800608625258,0.014521277581199254,-0.27883815542790835,0.360529876560558,-0.304975288529642,1.5717633562627553
-1.0,0.007218506533247848,-0.4160193182330447,-1.0,-0.9446083668197638,-1.0,-0.4814076280227313
1.0,0.32084578648951667,1.0,0.2384014324930337,1.0,1.0,-5.510863522508459
-0.21416080093953793,-0.9157601791396369,-1.0,-0.3104630268602181,-0.6784109446526128,-0.6877277633866012,-0.32924597376182313
1.0,0.8278335430588943,-0.16095936687483914,-0.24932713339584014,1.0,1.0,2.530015056995298
0.04731678231485048,0.00048547721734193416,-1.0,-0.5290128616805873,-1.0,-0.40478909778229766,-0.7546223683755198
0.6648229069994109,0.0740879835362489,0.27480224577310186,0.13471577286348113,1.0,0.5709855884044936,-1.349534232508433
-1.0,-0.23070628316297048,-1.0,-1.0,-0.7722879346343859,0.08536574987632928,-2.868975912944988
1.0,0.04240766581290689,1.0,0.3351610802422307,0.14173483813110965,-1.0,3.5777283638011705
-1.0,-0.7412377802571457,-0.2991075754697261,-0.8336183285453436,0.34156173995520006,0.4208271608644195,-1.1221241267806024
-0.12961649844519404,0.2165433246401851,-0.922373910883352,0.4033200378472681,0.2877297603630824,0.6898819211446703,3.3131908812071074
1.0,-0.8698685906643655,0.7228957350642324,-0.4439042067108715,-1.0,-1.0,12.162329359163282
0.915790490808804,-0.2773285775539289,0.5093372438168313,0.028391482458918316,0.19071003233394682,0.8253320828830404,0.23759198967544143
-0.05749650535635009,-0.8940766191442133,0.12578344820592968,0.5704684822082395,1.0,0.2534464708061337,-0.20040930808232982
-1.0,-0.6220973231676398,-0.00828734661040098,-1.0,0.6416018446110086,1.0,0.9794675695664017
-0.20755284599508422,-1.0,0.11905314977146608,-0.17593750923318496,0.5441188236875747,1.0,2.50394990169337
0.22136594356035644,-0.7414621465617333,0.34615137926958967,0.9337571629946344,-1.0,-0.771376848992069,4.850944965655526
-0.010866781336393294,-0.7993943751260959,-0.6438313018648242,0.15380366142507912,0.4212280619439968,-0.49584383456629055,-0.4177646748770941
0.38293085203593336,0.6715104082192136,1.0,-0.3576183290951084,0.5715163300017408,1.0,-1.3140187497984228
-0.10033617121065835,0.6339627085006668,1.0,-1.0,-0.07262808085203155,0.985989341770386,-1.8848211206510834
-1.0,-1.0,-1.0,-1.0,-1.0,-1.0,5.187054978323697
-0.14184281608756777,-0.1578523221225493,0.3852396879701253,0.7436677880789051,0.2572143795327445,1.0,2.263530548017911
0.3076567905470448,-1.0,0.2681683745968617,-0.26281274687938694,1.0,0.8827787245980141,-0.10074455093589241
0.002959941605700781,-0.6127580979628475,-1.0,-0.20011367231784405,-0.15545508705886757,0.21524733234538584,-0.1578699620579443
-1.0,-1.0,-1.0,-1.0,-1.0,-1.0,4.359871163836122
0.5265202193327323,-0.08845203254451894,-0.27000948395124713,0.5412562754682545,0.5599887825052509,0.4743600559704358,-0.23197514341738135
1.0,1.0,-0.3124608086514411,-0.22369306469359018,-0.49797072582437735,-1.0,5.111388672526421
0.17400083049633264,0.43692308919008704,-0.3194831511570053,1.0,1.0,1.0,5.295814478456499
0.18342945420527879,0.503703133331801,-0.5932873006302374,0.16168054572261648,-0.7024037041031378,-0.6696015258181117,0.5691567388881965
0.8011700495610182,0.14341064065634165,-0.2023305357309471,-1.0,-1.0,-1.0,5.175415100631646
-0.5742981550935737,-1.0,0.16640379513897544,-1.0,0.9871011412177387,1.0,1.6973214061992081
-1.0,-0.9836287706680215,1.0,-0.4693668942948724,0.9723097246382362,1.0,-1.2644733411311477
0.5853624916594564,1.0,1.0,0.28906628868340345,0.2498123488750921,0.8736457079162145,-4.008664850743036
0.1537761159464116,-0.1768320706680856,1.0,1.0,0.1110582988511698,0.8739102670966061,-2.836748686685594
-0.031128831737477713,0.3906725148575484,-0.5669926807325398,-0.840564755093968,-0.07053015540065521,-0.4050126334333812,-0.6810871718122004
0.04758758565829024,-0.9593956295505748,-0.5970926706430809,-1.0,-0.7140201237521111,0.08913667147969251,1.425561694113694
1.0,1.0,0.827737828208,0.634157136028006,-0.02908953709327544,-0.062418681063844295,-1.499141694603704
-0.9231856968045966,0.10206460092114056,-0.12013780266188312,-1.0,0.9237483364224963,-0.2409314427752014,4.929897023663745
-1.0,0.0816572676317171,-0.7312958151722125,-1.0,1.0,-0.16966309470059437,2.5762434659562685
0.6140721448406506,-0.7017336052679485,-0.27901820602396993,0.49395189144230434,-0.44374029528978187,0.8367384296706377,3.400160859852275
0.20221413679430328,1.0,0.5388296775339098,-0.15478443923366852,0.526222552159287,-1.0,-0.7422815668029688
-0.21849933071917715,-0.07388472259888546,-0.7300524176645696,0.5578844762466381,-0.4490892195810759,-0.3412350750216123,-1.6385389698600135
-0.5890731273556612,-0.6119917694010335,-1.0,0.27556790879178306,1.0,0.2594826300366885,-0.41762763238199263
0.31694413289296386,0.6048895200357447,0.13421954323841057,0.032997277314353646,0.5543246844196943,-0.0569400518760165,-0.7429440777342049
-1.0,-0.4194934153793932,-0.622538338959455,0.34287410177157557,1.0,0.892137469894307,5.9741925389017245
-1.0,-1.0,-0.6805460762644706,-0.17262006987034284,0.1251524509514903,-1.0,3.5439845534721583
-0.024896668572925607,-0.18171733808024249,-1.0,-0.16417908846703363,0.37149433261536186,0.20235893385100656,1.2035686407034487
0.20581351390463293,-0.8139620539289829,-0.11081421974313843,-0.0618473374937174,-1.0,1.0,4.410964712011345
-1.0,0.601078277529675,-0.3812262355682684,0.03353310251280306,1.0,-0.13439820955900275,2.931335439127171
-0.9466317551655481,-0.6582672055789465,-0.644182601767693,-1.0,-0.7293030486996993,0.5808703933779087,-1.3139600493703436
0.553139885003397,0.08982729481712282,-0.4206339509780678,-0.193753158820759,0.26806481984040786,-0.24922137511147557,-0.23209703053565717
0.9759576759055826,1.0,0.009551186682247303,0.10113213306682733,-0.5234055617949791,1.0,6.163795779944251
-0.0015595556147888212,-0.2738393159904783,0.32496237311036424,0.30218748729508393,0.7508287340472577,0.3840115575585441,-0.24658867076785185
-1.0,-1.0,-0.13157691229639767,-1.0,1.0,0.37609502732499833,0.2482307181045721
-0.2300995044581695,-0.46234739392518254,-0.03465286398882572,-0.8831108844084381,0.17304776491892926,-0.6125414177382702,1.7279490473483667
0.07341297792917512,-1.0,-0.08884279294670794,-0.9000366374839194,-1.0,0.21868523066888856,4.996598952324059
0.49661669684519033,-0.3236039253410459,-0.2736705129463166,-0.4056956684951796,-0.8356634766810604,-0.6040206855515499,2.6471205325890477
-0.6083452770790465,-0.6077350589630334,-0.18180899827627384,-0.7719367649700405,0.3102174003246472,-0.9959770597229458,4.835129471330509
-0.19631015882894026,-1.0,0.9361107634369222,-0.597983193773427,0.23829177546502067,0.531785609062073,-0.9570675556359525
0.22303939690289581,-0.858757699444561,-0.5831970717034973,0.3375678349611412,0.5905961573624845,-0.09743057480913678,-1.8524925942739578
0.3921438066982348,1.0,0.1835210114424789,1.0,1.0,1.0,1.0103164220684915
1.0,-0.20245609230166783,0.5316675774706854,0.3001984754425471,-1.0,-1.0,8.883923905032074
0.017545297036324514,0.12622098127946013,1.0,1.0,0.29292872632065103,-0.800382538935434,0.09965529586525797
0.01687145239430532,-0.5252113258918707,-1.0,-1.0,1.0,1.0,3.9295898474534834
-0.6539223401971992,0.5230310965316048,0.5912661746795165,0.23814507125082413,0.817648442787986,1.0,2.119935285626531
0.9961558503254664,-0.7311210772022949,0.8943949699794872,1.0,-0.48162200512937314,-0.20132575791900917,3.5588109704260447
0.4120756226007782,-0.3997214416798562,1.0,0.12563852587152824,-1.0,-0.4757190053025485,2.6484892507666475
0.34466720715233934,1.0,0.4569941795748663,1.0,-0.13726217546759822,1.0,-0.0521742713750355
-0.20475782976171464,0.7732471849003524,1.0,-1.0,1.0,0.7345753697186748,0.31626953626287335
1.0,1.0,0.8257052249584478,-0.0858745653746451,0.04371727748403398,-0.48063145169300314,-1.9070091938830656
-0.08944677112915778,-0.6986684797074041,0.22131923400186654,-0.6818193145520447,0.6394664894897468,1.0,0.607220453140733
-0.20536225007214404,-0.5132062438455158,0.2677168261184365,-1.0,0.625737382827431,0.25779237415484313,-0.5693374394116252
0.05842916421412547,0.17727649300068404,0.7645762783520034,1.0,0.13646250142428235,1.0,0.12650518857315496
1.0,-0.17888336166672994,-1.0,-0.6376393683922144,0.6614169247979144,-0.3666268889113171,-2.2148043936765753
0.4573123688932166,0.18845710874056604,-0.9124338062617303,1.0,0.09941630211020214,1.0,4.158362774998322
0.011665976834415337,1.0,-0.6638851616068574,1.0,-0.37928711919167823,-1.0,5.854442890996674
1.0,-0.3260746295275514,0.4123825184674169,0.03552915335541827,1.0,1.0,-2.602116249679387
0.7272519927893555,-0.5116417416077781,-1.0,-1.0,0.5749331152430285,0.3777655892506978,-1.9333951382626897
-0.9685629508783695,-1.0,-0.18286512240061803,-0.20691237090629094,-0.8499265769648632,-0.11080301817090177,-1.7756029341494752
1.0,1.0,0.4281324944193393,1.0,1.0,0.2751797676129675,-4.083345823359984
-0.4686387418340441,-0.5167343867271321,-1.0,-0.8415259994735277,-0.893929080631495,-1.0,2.404252561940593
0.16138218933216208,-0.004558874638709243,-0.5150772129200829,0.27267052466275343,0.4703602026477398,0.6214941810569639,0.4479885221522134
0.6623435554233024,0.14128374532004773,0.45031495820800527,0.026850485420154835,0.3011092983158985,-0.7772855899417874,1.7256668500188743
-0.2598340650016009,-0.4901323430398883,-1.0,-0.9519822868122279,0.5015191345670115,0.2717611926919208,-0.4452925033990557
-0.9491722676059743,0.14905586781075342,0.45727652692157766,-1.0,-0.9528259581462902,-0.3214204750989744,-0.25479125038558403
0.8697159739844638,-1.0,-0.5580788177260979,1.0,-0.29692271723701824,0.16451547845569714,1.1233361904196644
0.9488652033675857,1.0,0.9932743385533042,1.0,1.0,0.6657418492829199,-9.806135878473901
0.17509023771495094,-0.8897508320685384,0.22305800306339468,0.25096085113830646,-1.0,-0.04384214045153889,1.2517435917957935
-0.20992394233092493,-1.0,-1.0,-0.5434810318148304,0.3971009887017162,-0.6928660000899967,-0.2740423939686454
1.0,1.0,1.0,1.0,0.02414346942666784,0.3093335399594547,-3.047455114055576
0.21732569894468423,-0.7403240856207836,-0.6516288588456342,-1.0,-0.34318486887672306,0.6905111818067486,0.6058440902003996
-0.19434253215618624,-1.0,0.9566025957326664,-0.5214015972067227,0.38028558064155216,0.4078497662775935,-0.42064324279123255
-0.3228160665985693,-0.0806837493618709,-0.19869024353352915,-0.26153057493765663,-1.0,-0.6346515330801481,-0.5479664185681818
1.0,1.0,0.29622922520296713,1.0,-0.18918149903518094,-0.9142264823982075,6.0835622570297865
-0.26507109490751146,-0.9999009248735258,-0.44706208261709945,-1.0,1.0,-1.0,5.230228451719283
-1.0,-0.5586319623757208,-1.0,-1.0,1.0,0.5343644785120782,-1.921974023959266
-0.3973996317206966,-0.8278140136317492,-0.5976789664395263,-1.0,-1.0,-0.898886495119235,4.271282876192393
-1.0,-1.0,-0.1462818001797126,-0.8974717602129207,-1.0,-0.8928682282043123,4.971353065935617
1.0,1.0,1.0,1.0,-0.2801479866987483,-0.6189855375837894,2.699741603248636
-0.55638727941942,-1.0,-1.0,-0.45212298271661,1.0,1.0,2.676334223369783
0.020983982673356216,0.27935195301348337,1.0,0.6513852459217091,0.3308354818535152,1.0,-0.6794291348953966
-1.0,0.23456230304251438,-1.0,-0.5399267520368431,-0.36373446257344333,-1.0,4.227796949758432
0.7135770015660177,0.59689381416432,1.0,0.7382975335474669,1.0,0.4696233593477195,-5.018774817407101
0.2753931544886149,-0.297902694080339,-0.24796144906445455,0.5779612468970416,-0.853791103254419,1.0,4.885876622852528
-0.7146574623542972,-0.24907383800700522,-1.0,-0.9996146872179641,-0.7945676114727174,-0.6177237332510037,0.2851268642945428
0.6603232395723513,0.6541515699770726,-0.7800694352346338,0.354107796477781,0.4662706414765838,1.0,3.7568070702087653
0.09594654660538196,0.571605419139485,0.9717394960806587,-0.061126668538903584,-0.1277958028121171,-0.9658807016383548,1.4656834011911817
1.0,1.0,0.9504106322386525,0.04397175180410673,1.0,0.8249286616144311,-5.196693819065939
-0.32243587896139503,-0.08298945909583849,0.9857667464364233,0.6853369433254088,1.0,0.3107005224869276,-0.7298455397233852
0.039526085210001116,-0.3077032490484757,-0.3857100091493064,-0.22588974050569677,-0.6127288858328782,1.0,2.8294982008203915
0.3245607544516773,1.0,0.6793748796740968,0.7901870648617204,1.0,1.0,-1.1175395522564178
1.0,1.0,0.5190861357225327,1.0,-0.9231706226646497,0.5888439560004736,3.554952481466275
-0.9839205961173795,-1.0,-0.4233427397936213,1.0,-0.7892016958338246,0.28360683745545034,-1.6891340830569583
0.016021436930778843,0.2987652279526041,0.9795786288425489,1.0,-0.277049048657219,-0.12553660036350336,-0.577776948191451
-0.16663369484473933,-0.456327607345814,-0.08589198422757305,-1.0,-1.0,-0.28070760767805814,3.192257179478374
1.0,0.668954319141907,1.0,0.8179729649195353,-0.5644494478486524,-0.09482041499742655,1.407974162283046
